diet_sex,diet_category_group,diet_category,diet_age_group,diet_estimate_000
Persons,Daily consumption of fruit,Met recommendation,18–24,794.3
Persons,Daily consumption of fruit,Did not meet recommendation,18–24,1364.9
Persons,Daily consumption of fruit,Total persons aged 18 years and over,18–24,2171.9
Persons,Daily consumption of vegetables,Met recommendation,18–24,64.6
Persons,Daily consumption of vegetables,Did not meet recommendation,18–24,2100.5
Persons,Daily consumption of vegetables,Total persons aged 18 years and over,18–24,2171.9
Persons,Daily consumption of fruit and vegetables,Met recommendation,18–24,44.9
Persons,Daily consumption of fruit and vegetables,Did not meet recommendation,18–24,2116.5
Persons,Daily consumption of fruit and vegetables,Total persons aged 18 years and over,18–24,2171.9
Persons,Usual daily consumption of fruit,Does not eat fruit,18–24,323.8
Persons,Usual daily consumption of fruit,Less than 1 serve,18–24,48.4
Persons,Usual daily consumption of fruit,1 serve,18–24,988.0
Persons,Usual daily consumption of fruit,2 serves,18–24,557.2
Persons,Usual daily consumption of fruit,3 serves,18–24,178.1
Persons,Usual daily consumption of fruit,4 serves,18–24,48.0
Persons,Usual daily consumption of fruit,5 or more serves,18–24,18.3
Persons,Usual daily consumption of fruit,Total persons aged 18 years and over,18–24,2171.9
Persons,Usual daily consumption of vegetables,Does not eat vegetables,18–24,76.8
Persons,Usual daily consumption of vegetables,Less than 1 serve,18–24,70.7
Persons,Usual daily consumption of vegetables,1 serve,18–24,709.6
Persons,Usual daily consumption of vegetables,2 serves,18–24,662.7
Persons,Usual daily consumption of vegetables,3 serves,18–24,311.8
Persons,Usual daily consumption of vegetables,4 serves,18–24,248.5
Persons,Usual daily consumption of vegetables,5 serves,18–24,63.9
Persons,Usual daily consumption of vegetables,6 or more serves,18–24,42.9
Persons,Usual daily consumption of vegetables,Total persons aged 18 years and over,18–24,2171.9
Persons,Usual daily consumption of vegetables,Average number of serves of fruit,18–24,1.4
Persons,Usual daily consumption of vegetables,Average number of serves of vegetables,18–24,2.1
Persons,Usual daily consumption of vegetables,"Total persons, 18 years and over",18–24,2171.9
Males,Daily consumption of fruit,Met recommendation,18–24,415.3
Males,Daily consumption of fruit,Did not meet recommendation,18–24,709.4
Males,Daily consumption of fruit,Total males aged 18 years and over,18–24,1112.0
Males,Daily consumption of vegetables,Met recommendation,18–24,34.3
Males,Daily consumption of vegetables,Did not meet recommendation,18–24,1087.5
Males,Daily consumption of vegetables,Total males aged 18 years and over,18–24,1112.0
Males,Daily consumption of fruit and vegetables,Met recommendation,18–24,29.1
Males,Daily consumption of fruit and vegetables,Did not meet recommendation,18–24,1090.5
Males,Daily consumption of fruit and vegetables,Total males aged 18 years and over,18–24,1112.0
Males,Usual daily consumption of fruit,Does not eat fruit,18–24,189.1
Males,Usual daily consumption of fruit,Less than 1 serve,18–24,27.4
Males,Usual daily consumption of fruit,1 serve,18–24,488.2
Males,Usual daily consumption of fruit,2 serves,18–24,302.2
Males,Usual daily consumption of fruit,3 serves,18–24,64.0
Males,Usual daily consumption of fruit,4 serves,18–24,13.7
Males,Usual daily consumption of fruit,5 or more serves,18–24,24.5
Males,Usual daily consumption of fruit,Total males aged 18 years and over,18–24,1112.0
Males,Usual daily consumption of vegetables,Does not eat vegetables,18–24,28.0
Males,Usual daily consumption of vegetables,Less than 1 serve,18–24,23.6
Males,Usual daily consumption of vegetables,1 serve,18–24,362.7
Males,Usual daily consumption of vegetables,2 serves,18–24,329.8
Males,Usual daily consumption of vegetables,3 serves,18–24,172.2
Males,Usual daily consumption of vegetables,4 serves,18–24,104.7
Males,Usual daily consumption of vegetables,5 serves,18–24,44.5
Males,Usual daily consumption of vegetables,6 or more serves,18–24,34.3
Males,Usual daily consumption of vegetables,Total males aged 18 years and over,18–24,1112.0
Males,Usual daily consumption of vegetables,Average number of serves of fruit,18–24,1.4
Males,Usual daily consumption of vegetables,Average number of serves of vegetables,18–24,2.2
Males,Usual daily consumption of vegetables,"Total males, 18 years and over",18–24,1112.0
Females,Daily consumption of fruit,Met recommendation,18–24,393.6
Females,Daily consumption of fruit,Did not meet recommendation,18–24,659.4
Females,Daily consumption of fruit,Total females aged 18 years and over,18–24,1053.1
Females,Daily consumption of vegetables,Met recommendation,18–24,40.7
Females,Daily consumption of vegetables,Did not meet recommendation,18–24,1012.7
Females,Daily consumption of vegetables,Total females aged 18 years and over,18–24,1053.1
Females,Daily consumption of fruit and vegetables,Met recommendation,18–24,18.0
Females,Daily consumption of fruit and vegetables,Did not meet recommendation,18–24,1038.7
Females,Daily consumption of fruit and vegetables,Total females aged 18 years and over,18–24,1053.1
Females,Usual daily consumption of fruit,Does not eat fruit,18–24,132.2
Females,Usual daily consumption of fruit,Less than 1 serve,18–24,23.8
Females,Usual daily consumption of fruit,1 serve,18–24,507.3
Females,Usual daily consumption of fruit,2 serves,18–24,248.3
Females,Usual daily consumption of fruit,3 serves,18–24,96.9
Females,Usual daily consumption of fruit,4 serves,18–24,40.8
Females,Usual daily consumption of fruit,5 or more serves,18–24,1.6
Females,Usual daily consumption of fruit,Total females aged 18 years and over,18–24,1053.1
Females,Usual daily consumption of vegetables,Does not eat vegetables,18–24,45.7
Females,Usual daily consumption of vegetables,Less than 1 serve,18–24,30.9
Females,Usual daily consumption of vegetables,1 serve,18–24,358.1
Females,Usual daily consumption of vegetables,2 serves,18–24,323.8
Females,Usual daily consumption of vegetables,3 serves,18–24,138.8
Females,Usual daily consumption of vegetables,4 serves,18–24,129.3
Females,Usual daily consumption of vegetables,5 serves,18–24,22.2
Females,Usual daily consumption of vegetables,6 or more serves,18–24,6.9
Females,Usual daily consumption of vegetables,Total females aged 18 years and over,18–24,1053.1
Females,Usual daily consumption of vegetables,Average number of serves of fruit,18–24,1.4
Females,Usual daily consumption of vegetables,Average number of serves of vegetables,18–24,2.1
Females,Usual daily consumption of vegetables,"Total females, 18 years and over",18–24,1053.1
Persons,Daily consumption of fruit,Met recommendation,25–34,1474.2
Persons,Daily consumption of fruit,Did not meet recommendation,25–34,2214.0
Persons,Daily consumption of fruit,Total persons aged 18 years and over,25–34,3686.3
Persons,Daily consumption of vegetables,Met recommendation,25–34,228.6
Persons,Daily consumption of vegetables,Did not meet recommendation,25–34,3450.4
Persons,Daily consumption of vegetables,Total persons aged 18 years and over,25–34,3686.3
Persons,Daily consumption of fruit and vegetables,Met recommendation,25–34,144.7
Persons,Daily consumption of fruit and vegetables,Did not meet recommendation,25–34,3543.4
Persons,Daily consumption of fruit and vegetables,Total persons aged 18 years and over,25–34,3686.3
Persons,Usual daily consumption of fruit,Does not eat fruit,25–34,458.1
Persons,Usual daily consumption of fruit,Less than 1 serve,25–34,123.4
Persons,Usual daily consumption of fruit,1 serve,25–34,1643.1
Persons,Usual daily consumption of fruit,2 serves,25–34,1006.5
Persons,Usual daily consumption of fruit,3 serves,25–34,356.2
Persons,Usual daily consumption of fruit,4 serves,25–34,82.0
Persons,Usual daily consumption of fruit,5 or more serves,25–34,35.9
Persons,Usual daily consumption of fruit,Total persons aged 18 years and over,25–34,3686.3
Persons,Usual daily consumption of vegetables,Does not eat vegetables,25–34,100.4
Persons,Usual daily consumption of vegetables,Less than 1 serve,25–34,59.7
Persons,Usual daily consumption of vegetables,1 serve,25–34,1051.1
Persons,Usual daily consumption of vegetables,2 serves,25–34,1142.4
Persons,Usual daily consumption of vegetables,3 serves,25–34,699.6
Persons,Usual daily consumption of vegetables,4 serves,25–34,343.1
Persons,Usual daily consumption of vegetables,5 serves,25–34,190.3
Persons,Usual daily consumption of vegetables,6 or more serves,25–34,98.7
Persons,Usual daily consumption of vegetables,Total persons aged 18 years and over,25–34,3686.3
Persons,Usual daily consumption of vegetables,Average number of serves of fruit,25–34,1.4
Persons,Usual daily consumption of vegetables,Average number of serves of vegetables,25–34,2.3
Persons,Usual daily consumption of vegetables,"Total persons, 18 years and over",25–34,3686.3
Males,Daily consumption of fruit,Met recommendation,25–34,662.4
Males,Daily consumption of fruit,Did not meet recommendation,25–34,1179.1
Males,Daily consumption of fruit,Total males aged 18 years and over,25–34,1832.4
Males,Daily consumption of vegetables,Met recommendation,25–34,49.9
Males,Daily consumption of vegetables,Did not meet recommendation,25–34,1781.0
Males,Daily consumption of vegetables,Total males aged 18 years and over,25–34,1832.4
Males,Daily consumption of fruit and vegetables,Met recommendation,25–34,29.9
Males,Daily consumption of fruit and vegetables,Did not meet recommendation,25–34,1800.6
Males,Daily consumption of fruit and vegetables,Total males aged 18 years and over,25–34,1832.4
Males,Usual daily consumption of fruit,Does not eat fruit,25–34,284.0
Males,Usual daily consumption of fruit,Less than 1 serve,25–34,76.0
Males,Usual daily consumption of fruit,1 serve,25–34,807.7
Males,Usual daily consumption of fruit,2 serves,25–34,444.4
Males,Usual daily consumption of fruit,3 serves,25–34,157.1
Males,Usual daily consumption of fruit,4 serves,25–34,32.2
Males,Usual daily consumption of fruit,5 or more serves,25–34,23.4
Males,Usual daily consumption of fruit,Total males aged 18 years and over,25–34,1832.4
Males,Usual daily consumption of vegetables,Does not eat vegetables,25–34,47.8
Males,Usual daily consumption of vegetables,Less than 1 serve,25–34,31.8
Males,Usual daily consumption of vegetables,1 serve,25–34,555.7
Males,Usual daily consumption of vegetables,2 serves,25–34,601.0
Males,Usual daily consumption of vegetables,3 serves,25–34,309.4
Males,Usual daily consumption of vegetables,4 serves,25–34,162.6
Males,Usual daily consumption of vegetables,5 serves,25–34,72.3
Males,Usual daily consumption of vegetables,6 or more serves,25–34,49.9
Males,Usual daily consumption of vegetables,Total males aged 18 years and over,25–34,1832.4
Males,Usual daily consumption of vegetables,Average number of serves of fruit,25–34,1.4
Males,Usual daily consumption of vegetables,Average number of serves of vegetables,25–34,2.2
Males,Usual daily consumption of vegetables,"Total males, 18 years and over",25–34,1832.4
Females,Daily consumption of fruit,Met recommendation,25–34,806.0
Females,Daily consumption of fruit,Did not meet recommendation,25–34,1040.4
Females,Daily consumption of fruit,Total females aged 18 years and over,25–34,1850.2
Females,Daily consumption of vegetables,Met recommendation,25–34,186.1
Females,Daily consumption of vegetables,Did not meet recommendation,25–34,1669.4
Females,Daily consumption of vegetables,Total females aged 18 years and over,25–34,1850.2
Females,Daily consumption of fruit and vegetables,Met recommendation,25–34,114.7
Females,Daily consumption of fruit and vegetables,Did not meet recommendation,25–34,1729.9
Females,Daily consumption of fruit and vegetables,Total females aged 18 years and over,25–34,1850.2
Females,Usual daily consumption of fruit,Does not eat fruit,25–34,165.1
Females,Usual daily consumption of fruit,Less than 1 serve,25–34,41.9
Females,Usual daily consumption of fruit,1 serve,25–34,826.1
Females,Usual daily consumption of fruit,2 serves,25–34,547.1
Females,Usual daily consumption of fruit,3 serves,25–34,199.0
Females,Usual daily consumption of fruit,4 serves,25–34,48.1
Females,Usual daily consumption of fruit,5 or more serves,25–34,8.0
Females,Usual daily consumption of fruit,Total females aged 18 years and over,25–34,1850.2
Females,Usual daily consumption of vegetables,Does not eat vegetables,25–34,40.7
Females,Usual daily consumption of vegetables,Less than 1 serve,25–34,24.0
Females,Usual daily consumption of vegetables,1 serve,25–34,495.6
Females,Usual daily consumption of vegetables,2 serves,25–34,536.0
Females,Usual daily consumption of vegetables,3 serves,25–34,391.8
Females,Usual daily consumption of vegetables,4 serves,25–34,184.1
Females,Usual daily consumption of vegetables,5 serves,25–34,132.8
Females,Usual daily consumption of vegetables,6 or more serves,25–34,51.3
Females,Usual daily consumption of vegetables,Total females aged 18 years and over,25–34,1850.2
Females,Usual daily consumption of vegetables,Average number of serves of fruit,25–34,1.5
Females,Usual daily consumption of vegetables,Average number of serves of vegetables,25–34,2.4
Females,Usual daily consumption of vegetables,"Total females, 18 years and over",25–34,1850.2
Persons,Daily consumption of fruit,Met recommendation,35–44,1458.6
Persons,Daily consumption of fruit,Did not meet recommendation,35–44,2098.6
Persons,Daily consumption of fruit,Total persons aged 18 years and over,35–44,3557.3
Persons,Daily consumption of vegetables,Met recommendation,35–44,185.2
Persons,Daily consumption of vegetables,Did not meet recommendation,35–44,3372.4
Persons,Daily consumption of vegetables,Total persons aged 18 years and over,35–44,3557.3
Persons,Daily consumption of fruit and vegetables,Met recommendation,35–44,115.2
Persons,Daily consumption of fruit and vegetables,Did not meet recommendation,35–44,3438.7
Persons,Daily consumption of fruit and vegetables,Total persons aged 18 years and over,35–44,3557.3
Persons,Usual daily consumption of fruit,Does not eat fruit,35–44,403.9
Persons,Usual daily consumption of fruit,Less than 1 serve,35–44,103.5
Persons,Usual daily consumption of fruit,1 serve,35–44,1585.7
Persons,Usual daily consumption of fruit,2 serves,35–44,973.9
Persons,Usual daily consumption of fruit,3 serves,35–44,357.2
Persons,Usual daily consumption of fruit,4 serves,35–44,79.0
Persons,Usual daily consumption of fruit,5 or more serves,35–44,55.9
Persons,Usual daily consumption of fruit,Total persons aged 18 years and over,35–44,3557.3
Persons,Usual daily consumption of vegetables,Does not eat vegetables,35–44,39.8
Persons,Usual daily consumption of vegetables,Less than 1 serve,35–44,52.9
Persons,Usual daily consumption of vegetables,1 serve,35–44,1061.4
Persons,Usual daily consumption of vegetables,2 serves,35–44,1084.0
Persons,Usual daily consumption of vegetables,3 serves,35–44,699.4
Persons,Usual daily consumption of vegetables,4 serves,35–44,352.1
Persons,Usual daily consumption of vegetables,5 serves,35–44,183.2
Persons,Usual daily consumption of vegetables,6 or more serves,35–44,75.3
Persons,Usual daily consumption of vegetables,Total persons aged 18 years and over,35–44,3557.3
Persons,Usual daily consumption of vegetables,Average number of serves of fruit,35–44,1.5
Persons,Usual daily consumption of vegetables,Average number of serves of vegetables,35–44,2.3
Persons,Usual daily consumption of vegetables,"Total persons, 18 years and over",35–44,3557.3
Males,Daily consumption of fruit,Met recommendation,35–44,708.1
Males,Daily consumption of fruit,Did not meet recommendation,35–44,1034.8
Males,Daily consumption of fruit,Total males aged 18 years and over,35–44,1749.0
Males,Daily consumption of vegetables,Met recommendation,35–44,20.7
Males,Daily consumption of vegetables,Did not meet recommendation,35–44,1731.5
Males,Daily consumption of vegetables,Total males aged 18 years and over,35–44,1749.0
Males,Daily consumption of fruit and vegetables,Met recommendation,35–44,12.7
Males,Daily consumption of fruit and vegetables,Did not meet recommendation,35–44,1736.6
Males,Daily consumption of fruit and vegetables,Total males aged 18 years and over,35–44,1749.0
Males,Usual daily consumption of fruit,Does not eat fruit,35–44,222.2
Males,Usual daily consumption of fruit,Less than 1 serve,35–44,68.5
Males,Usual daily consumption of fruit,1 serve,35–44,744.1
Males,Usual daily consumption of fruit,2 serves,35–44,479.5
Males,Usual daily consumption of fruit,3 serves,35–44,180.8
Males,Usual daily consumption of fruit,4 serves,35–44,38.7
Males,Usual daily consumption of fruit,5 or more serves,35–44,12.6
Males,Usual daily consumption of fruit,Total males aged 18 years and over,35–44,1749.0
Males,Usual daily consumption of vegetables,Does not eat vegetables,35–44,32.7
Males,Usual daily consumption of vegetables,Less than 1 serve,35–44,34.2
Males,Usual daily consumption of vegetables,1 serve,35–44,562.8
Males,Usual daily consumption of vegetables,2 serves,35–44,537.8
Males,Usual daily consumption of vegetables,3 serves,35–44,337.1
Males,Usual daily consumption of vegetables,4 serves,35–44,159.2
Males,Usual daily consumption of vegetables,5 serves,35–44,65.7
Males,Usual daily consumption of vegetables,6 or more serves,35–44,20.7
Males,Usual daily consumption of vegetables,Total males aged 18 years and over,35–44,1749.0
Males,Usual daily consumption of vegetables,Average number of serves of fruit,35–44,1.4
Males,Usual daily consumption of vegetables,Average number of serves of vegetables,35–44,2.2
Males,Usual daily consumption of vegetables,"Total males, 18 years and over",35–44,1749.0
Females,Daily consumption of fruit,Met recommendation,35–44,748.8
Females,Daily consumption of fruit,Did not meet recommendation,35–44,1060.5
Females,Daily consumption of fruit,Total females aged 18 years and over,35–44,1805.1
Females,Daily consumption of vegetables,Met recommendation,35–44,163.2
Females,Daily consumption of vegetables,Did not meet recommendation,35–44,1635.1
Females,Daily consumption of vegetables,Total females aged 18 years and over,35–44,1805.1
Females,Daily consumption of fruit and vegetables,Met recommendation,35–44,96.2
Females,Daily consumption of fruit and vegetables,Did not meet recommendation,35–44,1709.4
Females,Daily consumption of fruit and vegetables,Total females aged 18 years and over,35–44,1805.1
Females,Usual daily consumption of fruit,Does not eat fruit,35–44,187.3
Females,Usual daily consumption of fruit,Less than 1 serve,35–44,36.2
Females,Usual daily consumption of fruit,1 serve,35–44,837.2
Females,Usual daily consumption of fruit,2 serves,35–44,491.8
Females,Usual daily consumption of fruit,3 serves,35–44,168.5
Females,Usual daily consumption of fruit,4 serves,35–44,47.1
Females,Usual daily consumption of fruit,5 or more serves,35–44,37.7
Females,Usual daily consumption of fruit,Total females aged 18 years and over,35–44,1805.1
Females,Usual daily consumption of vegetables,Does not eat vegetables,35–44,13.4
Females,Usual daily consumption of vegetables,Less than 1 serve,35–44,21.6
Females,Usual daily consumption of vegetables,1 serve,35–44,505.3
Females,Usual daily consumption of vegetables,2 serves,35–44,544.3
Females,Usual daily consumption of vegetables,3 serves,35–44,367.9
Females,Usual daily consumption of vegetables,4 serves,35–44,184.1
Females,Usual daily consumption of vegetables,5 serves,35–44,118.8
Females,Usual daily consumption of vegetables,6 or more serves,35–44,50.9
Females,Usual daily consumption of vegetables,Total females aged 18 years and over,35–44,1805.1
Females,Usual daily consumption of vegetables,Average number of serves of fruit,35–44,1.5
Females,Usual daily consumption of vegetables,Average number of serves of vegetables,35–44,2.4
Females,Usual daily consumption of vegetables,"Total females, 18 years and over",35–44,1805.1
Persons,Daily consumption of fruit,Met recommendation,45–54,1362.8
Persons,Daily consumption of fruit,Did not meet recommendation,45–54,1855.8
Persons,Daily consumption of fruit,Total persons aged 18 years and over,45–54,3226.7
Persons,Daily consumption of vegetables,Met recommendation,45–54,198.7
Persons,Daily consumption of vegetables,Did not meet recommendation,45–54,3024.1
Persons,Daily consumption of vegetables,Total persons aged 18 years and over,45–54,3226.7
Persons,Daily consumption of fruit and vegetables,Met recommendation,45–54,125.4
Persons,Daily consumption of fruit and vegetables,Did not meet recommendation,45–54,3092.4
Persons,Daily consumption of fruit and vegetables,Total persons aged 18 years and over,45–54,3226.7
Persons,Usual daily consumption of fruit,Does not eat fruit,45–54,412.7
Persons,Usual daily consumption of fruit,Less than 1 serve,45–54,132.7
Persons,Usual daily consumption of fruit,1 serve,45–54,1313.6
Persons,Usual daily consumption of fruit,2 serves,45–54,915.5
Persons,Usual daily consumption of fruit,3 serves,45–54,329.5
Persons,Usual daily consumption of fruit,4 serves,45–54,74.8
Persons,Usual daily consumption of fruit,5 or more serves,45–54,53.0
Persons,Usual daily consumption of fruit,Total persons aged 18 years and over,45–54,3226.7
Persons,Usual daily consumption of vegetables,Does not eat vegetables,45–54,28.8
Persons,Usual daily consumption of vegetables,Less than 1 serve,45–54,41.3
Persons,Usual daily consumption of vegetables,1 serve,45–54,964.7
Persons,Usual daily consumption of vegetables,2 serves,45–54,1027.0
Persons,Usual daily consumption of vegetables,3 serves,45–54,605.9
Persons,Usual daily consumption of vegetables,4 serves,45–54,288.3
Persons,Usual daily consumption of vegetables,5 serves,45–54,162.2
Persons,Usual daily consumption of vegetables,6 or more serves,45–54,86.8
Persons,Usual daily consumption of vegetables,Total persons aged 18 years and over,45–54,3226.7
Persons,Usual daily consumption of vegetables,Average number of serves of fruit,45–54,1.5
Persons,Usual daily consumption of vegetables,Average number of serves of vegetables,45–54,2.3
Persons,Usual daily consumption of vegetables,"Total persons, 18 years and over",45–54,3226.7
Males,Daily consumption of fruit,Met recommendation,45–54,646.5
Males,Daily consumption of fruit,Did not meet recommendation,45–54,936.4
Males,Daily consumption of fruit,Total males aged 18 years and over,45–54,1585.9
Males,Daily consumption of vegetables,Met recommendation,45–54,35.7
Males,Daily consumption of vegetables,Did not meet recommendation,45–54,1542.0
Males,Daily consumption of vegetables,Total males aged 18 years and over,45–54,1585.9
Males,Daily consumption of fruit and vegetables,Met recommendation,45–54,23.2
Males,Daily consumption of fruit and vegetables,Did not meet recommendation,45–54,1559.4
Males,Daily consumption of fruit and vegetables,Total males aged 18 years and over,45–54,1585.9
Males,Usual daily consumption of fruit,Does not eat fruit,45–54,236.7
Males,Usual daily consumption of fruit,Less than 1 serve,45–54,61.6
Males,Usual daily consumption of fruit,1 serve,45–54,641.2
Males,Usual daily consumption of fruit,2 serves,45–54,380.3
Males,Usual daily consumption of fruit,3 serves,45–54,168.7
Males,Usual daily consumption of fruit,4 serves,45–54,58.2
Males,Usual daily consumption of fruit,5 or more serves,45–54,40.1
Males,Usual daily consumption of fruit,Total males aged 18 years and over,45–54,1585.9
Males,Usual daily consumption of vegetables,Does not eat vegetables,45–54,21.0
Males,Usual daily consumption of vegetables,Less than 1 serve,45–54,30.5
Males,Usual daily consumption of vegetables,1 serve,45–54,546.2
Males,Usual daily consumption of vegetables,2 serves,45–54,521.6
Males,Usual daily consumption of vegetables,3 serves,45–54,250.8
Males,Usual daily consumption of vegetables,4 serves,45–54,137.6
Males,Usual daily consumption of vegetables,5 serves,45–54,49.7
Males,Usual daily consumption of vegetables,6 or more serves,45–54,35.7
Males,Usual daily consumption of vegetables,Total males aged 18 years and over,45–54,1585.9
Males,Usual daily consumption of vegetables,Average number of serves of fruit,45–54,1.5
Males,Usual daily consumption of vegetables,Average number of serves of vegetables,45–54,2.1
Males,Usual daily consumption of vegetables,"Total males, 18 years and over",45–54,1585.9
Females,Daily consumption of fruit,Met recommendation,45–54,723.0
Females,Daily consumption of fruit,Did not meet recommendation,45–54,910.6
Females,Daily consumption of fruit,Total females aged 18 years and over,45–54,1641.5
Females,Daily consumption of vegetables,Met recommendation,45–54,168.5
Females,Daily consumption of vegetables,Did not meet recommendation,45–54,1475.5
Females,Daily consumption of vegetables,Total females aged 18 years and over,45–54,1641.5
Females,Daily consumption of fruit and vegetables,Met recommendation,45–54,102.4
Females,Daily consumption of fruit and vegetables,Did not meet recommendation,45–54,1528.2
Females,Daily consumption of fruit and vegetables,Total females aged 18 years and over,45–54,1641.5
Females,Usual daily consumption of fruit,Does not eat fruit,45–54,177.3
Females,Usual daily consumption of fruit,Less than 1 serve,45–54,61.6
Females,Usual daily consumption of fruit,1 serve,45–54,669.8
Females,Usual daily consumption of fruit,2 serves,45–54,535.3
Females,Usual daily consumption of fruit,3 serves,45–54,159.0
Females,Usual daily consumption of fruit,4 serves,45–54,15.0
Females,Usual daily consumption of fruit,5 or more serves,45–54,16.4
Females,Usual daily consumption of fruit,Total females aged 18 years and over,45–54,1641.5
Females,Usual daily consumption of vegetables,Does not eat vegetables,45–54,13.4
Females,Usual daily consumption of vegetables,Less than 1 serve,45–54,8.9
Females,Usual daily consumption of vegetables,1 serve,45–54,421.0
Females,Usual daily consumption of vegetables,2 serves,45–54,507.4
Females,Usual daily consumption of vegetables,3 serves,45–54,356.5
Females,Usual daily consumption of vegetables,4 serves,45–54,153.8
Females,Usual daily consumption of vegetables,5 serves,45–54,120.5
Females,Usual daily consumption of vegetables,6 or more serves,45–54,45.1
Females,Usual daily consumption of vegetables,Total females aged 18 years and over,45–54,1641.5
Females,Usual daily consumption of vegetables,Average number of serves of fruit,45–54,1.5
Females,Usual daily consumption of vegetables,Average number of serves of vegetables,45–54,2.5
Females,Usual daily consumption of vegetables,"Total females, 18 years and over",45–54,1641.5
Persons,Daily consumption of fruit,Met recommendation,55–64,1327.1
Persons,Daily consumption of fruit,Did not meet recommendation,55–64,1642.0
Persons,Daily consumption of fruit,Total persons aged 18 years and over,55–64,2973.3
Persons,Daily consumption of vegetables,Met recommendation,55–64,205.6
Persons,Daily consumption of vegetables,Did not meet recommendation,55–64,2777.0
Persons,Daily consumption of vegetables,Total persons aged 18 years and over,55–64,2973.3
Persons,Daily consumption of fruit and vegetables,Met recommendation,55–64,117.5
Persons,Daily consumption of fruit and vegetables,Did not meet recommendation,55–64,2859.4
Persons,Daily consumption of fruit and vegetables,Total persons aged 18 years and over,55–64,2973.3
Persons,Usual daily consumption of fruit,Does not eat fruit,55–64,407.3
Persons,Usual daily consumption of fruit,Less than 1 serve,55–64,66.2
Persons,Usual daily consumption of fruit,1 serve,55–64,1177.7
Persons,Usual daily consumption of fruit,2 serves,55–64,809.7
Persons,Usual daily consumption of fruit,3 serves,55–64,398.0
Persons,Usual daily consumption of fruit,4 serves,55–64,73.3
Persons,Usual daily consumption of fruit,5 or more serves,55–64,49.8
Persons,Usual daily consumption of fruit,Total persons aged 18 years and over,55–64,2973.3
Persons,Usual daily consumption of vegetables,Does not eat vegetables,55–64,67.8
Persons,Usual daily consumption of vegetables,Less than 1 serve,55–64,59.5
Persons,Usual daily consumption of vegetables,1 serve,55–64,813.6
Persons,Usual daily consumption of vegetables,2 serves,55–64,951.3
Persons,Usual daily consumption of vegetables,3 serves,55–64,562.3
Persons,Usual daily consumption of vegetables,4 serves,55–64,270.4
Persons,Usual daily consumption of vegetables,5 serves,55–64,161.1
Persons,Usual daily consumption of vegetables,6 or more serves,55–64,99.9
Persons,Usual daily consumption of vegetables,Total persons aged 18 years and over,55–64,2973.3
Persons,Usual daily consumption of vegetables,Average number of serves of fruit,55–64,1.5
Persons,Usual daily consumption of vegetables,Average number of serves of vegetables,55–64,2.3
Persons,Usual daily consumption of vegetables,"Total persons, 18 years and over",55–64,2973.3
Males,Daily consumption of fruit,Met recommendation,55–64,590.2
Males,Daily consumption of fruit,Did not meet recommendation,55–64,859.6
Males,Daily consumption of fruit,Total males aged 18 years and over,55–64,1445.2
Males,Daily consumption of vegetables,Met recommendation,55–64,27.4
Males,Daily consumption of vegetables,Did not meet recommendation,55–64,1427.0
Males,Daily consumption of vegetables,Total males aged 18 years and over,55–64,1445.2
Males,Daily consumption of fruit and vegetables,Met recommendation,55–64,13.6
Males,Daily consumption of fruit and vegetables,Did not meet recommendation,55–64,1439.3
Males,Daily consumption of fruit and vegetables,Total males aged 18 years and over,55–64,1445.2
Males,Usual daily consumption of fruit,Does not eat fruit,55–64,251.4
Males,Usual daily consumption of fruit,Less than 1 serve,55–64,37.6
Males,Usual daily consumption of fruit,1 serve,55–64,569.7
Males,Usual daily consumption of fruit,2 serves,55–64,371.5
Males,Usual daily consumption of fruit,3 serves,55–64,156.5
Males,Usual daily consumption of fruit,4 serves,55–64,42.3
Males,Usual daily consumption of fruit,5 or more serves,55–64,21.6
Males,Usual daily consumption of fruit,Total males aged 18 years and over,55–64,1445.2
Males,Usual daily consumption of vegetables,Does not eat vegetables,55–64,42.6
Males,Usual daily consumption of vegetables,Less than 1 serve,55–64,39.1
Males,Usual daily consumption of vegetables,1 serve,55–64,461.1
Males,Usual daily consumption of vegetables,2 serves,55–64,444.4
Males,Usual daily consumption of vegetables,3 serves,55–64,281.2
Males,Usual daily consumption of vegetables,4 serves,55–64,101.6
Males,Usual daily consumption of vegetables,5 serves,55–64,60.7
Males,Usual daily consumption of vegetables,6 or more serves,55–64,27.4
Males,Usual daily consumption of vegetables,Total males aged 18 years and over,55–64,1445.2
Males,Usual daily consumption of vegetables,Average number of serves of fruit,55–64,1.4
Males,Usual daily consumption of vegetables,Average number of serves of vegetables,55–64,2.1
Males,Usual daily consumption of vegetables,"Total males, 18 years and over",55–64,1445.2
Females,Daily consumption of fruit,Met recommendation,55–64,739.5
Females,Daily consumption of fruit,Did not meet recommendation,55–64,788.1
Females,Daily consumption of fruit,Total females aged 18 years and over,55–64,1529.0
Females,Daily consumption of vegetables,Met recommendation,55–64,173.4
Females,Daily consumption of vegetables,Did not meet recommendation,55–64,1347.7
Females,Daily consumption of vegetables,Total females aged 18 years and over,55–64,1529.0
Females,Daily consumption of fruit and vegetables,Met recommendation,55–64,101.7
Females,Daily consumption of fruit and vegetables,Did not meet recommendation,55–64,1421.9
Females,Daily consumption of fruit and vegetables,Total females aged 18 years and over,55–64,1529.0
Females,Usual daily consumption of fruit,Does not eat fruit,55–64,153.4
Females,Usual daily consumption of fruit,Less than 1 serve,55–64,29.6
Females,Usual daily consumption of fruit,1 serve,55–64,612.2
Females,Usual daily consumption of fruit,2 serves,55–64,428.9
Females,Usual daily consumption of fruit,3 serves,55–64,242.9
Females,Usual daily consumption of fruit,4 serves,55–64,34.1
Females,Usual daily consumption of fruit,5 or more serves,55–64,28.4
Females,Usual daily consumption of fruit,Total females aged 18 years and over,55–64,1529.0
Females,Usual daily consumption of vegetables,Does not eat vegetables,55–64,28.9
Females,Usual daily consumption of vegetables,Less than 1 serve,55–64,15.8
Females,Usual daily consumption of vegetables,1 serve,55–64,357.1
Females,Usual daily consumption of vegetables,2 serves,55–64,506.9
Females,Usual daily consumption of vegetables,3 serves,55–64,275.9
Females,Usual daily consumption of vegetables,4 serves,55–64,164.0
Females,Usual daily consumption of vegetables,5 serves,55–64,98.5
Females,Usual daily consumption of vegetables,6 or more serves,55–64,72.6
Females,Usual daily consumption of vegetables,Total females aged 18 years and over,55–64,1529.0
Females,Usual daily consumption of vegetables,Average number of serves of fruit,55–64,1.6
Females,Usual daily consumption of vegetables,Average number of serves of vegetables,55–64,2.5
Females,Usual daily consumption of vegetables,"Total females, 18 years and over",55–64,1529.0
Persons,Daily consumption of fruit,Met recommendation,65 years and over,2310.5
Persons,Daily consumption of fruit,Did not meet recommendation,65 years and over,1881.4
Persons,Daily consumption of fruit,Total persons aged 18 years and over,65 years and over,4199.8
Persons,Daily consumption of vegetables,Met recommendation,65 years and over,396.2
Persons,Daily consumption of vegetables,Did not meet recommendation,65 years and over,3797.0
Persons,Daily consumption of vegetables,Total persons aged 18 years and over,65 years and over,4199.8
Persons,Daily consumption of fruit and vegetables,Met recommendation,65 years and over,286.2
Persons,Daily consumption of fruit and vegetables,Did not meet recommendation,65 years and over,3905.8
Persons,Daily consumption of fruit and vegetables,Total persons aged 18 years and over,65 years and over,4199.8
Persons,Usual daily consumption of fruit,Does not eat fruit,65 years and over,382.8
Persons,Usual daily consumption of fruit,Less than 1 serve,65 years and over,95.2
Persons,Usual daily consumption of fruit,1 serve,65 years and over,1400.3
Persons,Usual daily consumption of fruit,2 serves,65 years and over,1380.0
Persons,Usual daily consumption of fruit,3 serves,65 years and over,678.2
Persons,Usual daily consumption of fruit,4 serves,65 years and over,158.2
Persons,Usual daily consumption of fruit,5 or more serves,65 years and over,102.8
Persons,Usual daily consumption of fruit,Total persons aged 18 years and over,65 years and over,4199.8
Persons,Usual daily consumption of vegetables,Does not eat vegetables,65 years and over,59.9
Persons,Usual daily consumption of vegetables,Less than 1 serve,65 years and over,44.9
Persons,Usual daily consumption of vegetables,1 serve,65 years and over,967.1
Persons,Usual daily consumption of vegetables,2 serves,65 years and over,1113.5
Persons,Usual daily consumption of vegetables,3 serves,65 years and over,996.6
Persons,Usual daily consumption of vegetables,4 serves,65 years and over,571.6
Persons,Usual daily consumption of vegetables,5 serves,65 years and over,302.0
Persons,Usual daily consumption of vegetables,6 or more serves,65 years and over,133.2
Persons,Usual daily consumption of vegetables,Total persons aged 18 years and over,65 years and over,4199.8
Persons,Usual daily consumption of vegetables,Average number of serves of fruit,65 years and over,1.8
Persons,Usual daily consumption of vegetables,Average number of serves of vegetables,65 years and over,2.6
Persons,Usual daily consumption of vegetables,"Total persons, 18 years and over",65 years and over,4199.8
Males,Daily consumption of fruit,Met recommendation,65 years and over,1026.9
Males,Daily consumption of fruit,Did not meet recommendation,65 years and over,959.0
Males,Daily consumption of fruit,Total males aged 18 years and over,65 years and over,1983.6
Males,Daily consumption of vegetables,Met recommendation,65 years and over,138.6
Males,Daily consumption of vegetables,Did not meet recommendation,65 years and over,1852.1
Males,Daily consumption of vegetables,Total males aged 18 years and over,65 years and over,1983.6
Males,Daily consumption of fruit and vegetables,Met recommendation,65 years and over,98.6
Males,Daily consumption of fruit and vegetables,Did not meet recommendation,65 years and over,1883.9
Males,Daily consumption of fruit and vegetables,Total males aged 18 years and over,65 years and over,1983.6
Males,Usual daily consumption of fruit,Does not eat fruit,65 years and over,222.0
Males,Usual daily consumption of fruit,Less than 1 serve,65 years and over,65.2
Males,Usual daily consumption of fruit,1 serve,65 years and over,669.6
Males,Usual daily consumption of fruit,2 serves,65 years and over,600.3
Males,Usual daily consumption of fruit,3 serves,65 years and over,264.1
Males,Usual daily consumption of fruit,4 serves,65 years and over,95.0
Males,Usual daily consumption of fruit,5 or more serves,65 years and over,69.3
Males,Usual daily consumption of fruit,Total males aged 18 years and over,65 years and over,1983.6
Males,Usual daily consumption of vegetables,Does not eat vegetables,65 years and over,26.4
Males,Usual daily consumption of vegetables,Less than 1 serve,65 years and over,37.4
Males,Usual daily consumption of vegetables,1 serve,65 years and over,540.1
Males,Usual daily consumption of vegetables,2 serves,65 years and over,532.2
Males,Usual daily consumption of vegetables,3 serves,65 years and over,420.4
Males,Usual daily consumption of vegetables,4 serves,65 years and over,261.9
Males,Usual daily consumption of vegetables,5 serves,65 years and over,104.8
Males,Usual daily consumption of vegetables,6 or more serves,65 years and over,63.8
Males,Usual daily consumption of vegetables,Total males aged 18 years and over,65 years and over,1983.6
Males,Usual daily consumption of vegetables,Average number of serves of fruit,65 years and over,1.7
Males,Usual daily consumption of vegetables,Average number of serves of vegetables,65 years and over,2.5
Males,Usual daily consumption of vegetables,"Total males, 18 years and over",65 years and over,1983.6
Females,Daily consumption of fruit,Met recommendation,65 years and over,1285.8
Females,Daily consumption of fruit,Did not meet recommendation,65 years and over,926.8
Females,Daily consumption of fruit,Total females aged 18 years and over,65 years and over,2207.1
Females,Daily consumption of vegetables,Met recommendation,65 years and over,257.6
Females,Daily consumption of vegetables,Did not meet recommendation,65 years and over,1950.7
Females,Daily consumption of vegetables,Total females aged 18 years and over,65 years and over,2207.1
Females,Daily consumption of fruit and vegetables,Met recommendation,65 years and over,186.5
Females,Daily consumption of fruit and vegetables,Did not meet recommendation,65 years and over,2023.9
Females,Daily consumption of fruit and vegetables,Total females aged 18 years and over,65 years and over,2207.1
Females,Usual daily consumption of fruit,Does not eat fruit,65 years and over,161.8
Females,Usual daily consumption of fruit,Less than 1 serve,65 years and over,28.1
Females,Usual daily consumption of fruit,1 serve,65 years and over,731.8
Females,Usual daily consumption of fruit,2 serves,65 years and over,777.5
Females,Usual daily consumption of fruit,3 serves,65 years and over,407.0
Females,Usual daily consumption of fruit,4 serves,65 years and over,62.8
Females,Usual daily consumption of fruit,5 or more serves,65 years and over,36.9
Females,Usual daily consumption of fruit,Total females aged 18 years and over,65 years and over,2207.1
Females,Usual daily consumption of vegetables,Does not eat vegetables,65 years and over,28.7
Females,Usual daily consumption of vegetables,Less than 1 serve,65 years and over,11.9
Females,Usual daily consumption of vegetables,1 serve,65 years and over,429.8
Females,Usual daily consumption of vegetables,2 serves,65 years and over,586.2
Females,Usual daily consumption of vegetables,3 serves,65 years and over,575.8
Females,Usual daily consumption of vegetables,4 serves,65 years and over,314.1
Females,Usual daily consumption of vegetables,5 serves,65 years and over,200.3
Females,Usual daily consumption of vegetables,6 or more serves,65 years and over,61.2
Females,Usual daily consumption of vegetables,Total females aged 18 years and over,65 years and over,2207.1
Females,Usual daily consumption of vegetables,Average number of serves of fruit,65 years and over,1.8
Females,Usual daily consumption of vegetables,Average number of serves of vegetables,65 years and over,2.7
Females,Usual daily consumption of vegetables,"Total females, 18 years and over",65 years and over,2207.1
Persons,Daily consumption of fruit,Met recommendation,25–44,2931.7
Persons,Daily consumption of fruit,Did not meet recommendation,25–44,4306.6
Persons,Daily consumption of fruit,Total persons aged 18 years and over,25–44,7244.8
Persons,Daily consumption of vegetables,Met recommendation,25–44,417.9
Persons,Daily consumption of vegetables,Did not meet recommendation,25–44,6823.5
Persons,Daily consumption of vegetables,Total persons aged 18 years and over,25–44,7244.8
Persons,Daily consumption of fruit and vegetables,Met recommendation,25–44,260.1
Persons,Daily consumption of fruit and vegetables,Did not meet recommendation,25–44,6981.0
Persons,Daily consumption of fruit and vegetables,Total persons aged 18 years and over,25–44,7244.8
Persons,Usual daily consumption of fruit,Does not eat fruit,25–44,864.5
Persons,Usual daily consumption of fruit,Less than 1 serve,25–44,230.6
Persons,Usual daily consumption of fruit,1 serve,25–44,3223.6
Persons,Usual daily consumption of fruit,2 serves,25–44,1967.1
Persons,Usual daily consumption of fruit,3 serves,25–44,709.7
Persons,Usual daily consumption of fruit,4 serves,25–44,162.6
Persons,Usual daily consumption of fruit,5 or more serves,25–44,89.1
Persons,Usual daily consumption of fruit,Total persons aged 18 years and over,25–44,7244.8
Persons,Usual daily consumption of vegetables,Does not eat vegetables,25–44,135.0
Persons,Usual daily consumption of vegetables,Less than 1 serve,25–44,118.6
Persons,Usual daily consumption of vegetables,1 serve,25–44,2110.1
Persons,Usual daily consumption of vegetables,2 serves,25–44,2227.4
Persons,Usual daily consumption of vegetables,3 serves,25–44,1403.6
Persons,Usual daily consumption of vegetables,4 serves,25–44,686.7
Persons,Usual daily consumption of vegetables,5 serves,25–44,381.2
Persons,Usual daily consumption of vegetables,6 or more serves,25–44,172.0
Persons,Usual daily consumption of vegetables,Total persons aged 18 years and over,25–44,7244.8
Persons,Usual daily consumption of vegetables,Average number of serves of fruit,25–44,1.5
Persons,Usual daily consumption of vegetables,Average number of serves of vegetables,25–44,2.3
Persons,Usual daily consumption of vegetables,"Total persons, 18 years and over",25–44,7244.8
Males,Daily consumption of fruit,Met recommendation,25–44,1368.3
Males,Daily consumption of fruit,Did not meet recommendation,25–44,2214.6
Males,Daily consumption of fruit,Total males aged 18 years and over,25–44,3581.2
Males,Daily consumption of vegetables,Met recommendation,25–44,68.0
Males,Daily consumption of vegetables,Did not meet recommendation,25–44,3509.8
Males,Daily consumption of vegetables,Total males aged 18 years and over,25–44,3581.2
Males,Daily consumption of fruit and vegetables,Met recommendation,25–44,43.9
Males,Daily consumption of fruit and vegetables,Did not meet recommendation,25–44,3540.6
Males,Daily consumption of fruit and vegetables,Total males aged 18 years and over,25–44,3581.2
Males,Usual daily consumption of fruit,Does not eat fruit,25–44,507.9
Males,Usual daily consumption of fruit,Less than 1 serve,25–44,149.8
Males,Usual daily consumption of fruit,1 serve,25–44,1549.9
Males,Usual daily consumption of fruit,2 serves,25–44,925.8
Males,Usual daily consumption of fruit,3 serves,25–44,346.2
Males,Usual daily consumption of fruit,4 serves,25–44,68.3
Males,Usual daily consumption of fruit,5 or more serves,25–44,39.2
Males,Usual daily consumption of fruit,Total males aged 18 years and over,25–44,3581.2
Males,Usual daily consumption of vegetables,Does not eat vegetables,25–44,81.6
Males,Usual daily consumption of vegetables,Less than 1 serve,25–44,78.6
Males,Usual daily consumption of vegetables,1 serve,25–44,1120.9
Males,Usual daily consumption of vegetables,2 serves,25–44,1130.6
Males,Usual daily consumption of vegetables,3 serves,25–44,640.7
Males,Usual daily consumption of vegetables,4 serves,25–44,318.8
Males,Usual daily consumption of vegetables,5 serves,25–44,134.2
Males,Usual daily consumption of vegetables,6 or more serves,25–44,68.0
Males,Usual daily consumption of vegetables,Total males aged 18 years and over,25–44,3581.2
Males,Usual daily consumption of vegetables,Average number of serves of fruit,25–44,1.4
Males,Usual daily consumption of vegetables,Average number of serves of vegetables,25–44,2.2
Males,Usual daily consumption of vegetables,"Total males, 18 years and over",25–44,3581.2
Females,Daily consumption of fruit,Met recommendation,25–44,1561.7
Females,Daily consumption of fruit,Did not meet recommendation,25–44,2091.8
Females,Daily consumption of fruit,Total females aged 18 years and over,25–44,3661.5
Females,Daily consumption of vegetables,Met recommendation,25–44,345.2
Females,Daily consumption of vegetables,Did not meet recommendation,25–44,3307.0
Females,Daily consumption of vegetables,Total females aged 18 years and over,25–44,3661.5
Females,Daily consumption of fruit and vegetables,Met recommendation,25–44,214.7
Females,Daily consumption of fruit and vegetables,Did not meet recommendation,25–44,3438.8
Females,Daily consumption of fruit and vegetables,Total females aged 18 years and over,25–44,3661.5
Females,Usual daily consumption of fruit,Does not eat fruit,25–44,356.3
Females,Usual daily consumption of fruit,Less than 1 serve,25–44,78.1
Females,Usual daily consumption of fruit,1 serve,25–44,1671.8
Females,Usual daily consumption of fruit,2 serves,25–44,1043.0
Females,Usual daily consumption of fruit,3 serves,25–44,373.8
Females,Usual daily consumption of fruit,4 serves,25–44,92.0
Females,Usual daily consumption of fruit,5 or more serves,25–44,46.0
Females,Usual daily consumption of fruit,Total females aged 18 years and over,25–44,3661.5
Females,Usual daily consumption of vegetables,Does not eat vegetables,25–44,65.1
Females,Usual daily consumption of vegetables,Less than 1 serve,25–44,46.4
Females,Usual daily consumption of vegetables,1 serve,25–44,991.0
Females,Usual daily consumption of vegetables,2 serves,25–44,1086.7
Females,Usual daily consumption of vegetables,3 serves,25–44,761.4
Females,Usual daily consumption of vegetables,4 serves,25–44,362.2
Females,Usual daily consumption of vegetables,5 serves,25–44,244.1
Females,Usual daily consumption of vegetables,6 or more serves,25–44,104.1
Females,Usual daily consumption of vegetables,Total females aged 18 years and over,25–44,3661.5
Females,Usual daily consumption of vegetables,Average number of serves of fruit,25–44,1.5
Females,Usual daily consumption of vegetables,Average number of serves of vegetables,25–44,2.4
Females,Usual daily consumption of vegetables,"Total females, 18 years and over",25–44,3661.5
Persons,Daily consumption of fruit,Met recommendation,45–64,2692.9
Persons,Daily consumption of fruit,Did not meet recommendation,45–64,3500.6
Persons,Daily consumption of fruit,Total persons aged 18 years and over,45–64,6199.6
Persons,Daily consumption of vegetables,Met recommendation,45–64,404.7
Persons,Daily consumption of vegetables,Did not meet recommendation,45–64,5793.5
Persons,Daily consumption of vegetables,Total persons aged 18 years and over,45–64,6199.6
Persons,Daily consumption of fruit and vegetables,Met recommendation,45–64,244.8
Persons,Daily consumption of fruit and vegetables,Did not meet recommendation,45–64,5957.9
Persons,Daily consumption of fruit and vegetables,Total persons aged 18 years and over,45–64,6199.6
Persons,Usual daily consumption of fruit,Does not eat fruit,45–64,813.7
Persons,Usual daily consumption of fruit,Less than 1 serve,45–64,200.7
Persons,Usual daily consumption of fruit,1 serve,45–64,2494.6
Persons,Usual daily consumption of fruit,2 serves,45–64,1716.4
Persons,Usual daily consumption of fruit,3 serves,45–64,730.7
Persons,Usual daily consumption of fruit,4 serves,45–64,144.7
Persons,Usual daily consumption of fruit,5 or more serves,45–64,101.2
Persons,Usual daily consumption of fruit,Total persons aged 18 years and over,45–64,6199.6
Persons,Usual daily consumption of vegetables,Does not eat vegetables,45–64,90.6
Persons,Usual daily consumption of vegetables,Less than 1 serve,45–64,104.1
Persons,Usual daily consumption of vegetables,1 serve,45–64,1783.4
Persons,Usual daily consumption of vegetables,2 serves,45–64,1981.9
Persons,Usual daily consumption of vegetables,3 serves,45–64,1176.8
Persons,Usual daily consumption of vegetables,4 serves,45–64,559.9
Persons,Usual daily consumption of vegetables,5 serves,45–64,324.8
Persons,Usual daily consumption of vegetables,6 or more serves,45–64,178.1
Persons,Usual daily consumption of vegetables,Total persons aged 18 years and over,45–64,6199.6
Persons,Usual daily consumption of vegetables,Average number of serves of fruit,45–64,1.5
Persons,Usual daily consumption of vegetables,Average number of serves of vegetables,45–64,2.3
Persons,Usual daily consumption of vegetables,"Total persons, 18 years and over",45–64,6199.6
Males,Daily consumption of fruit,Met recommendation,45–64,1238.0
Males,Daily consumption of fruit,Did not meet recommendation,45–64,1794.6
Males,Daily consumption of fruit,Total males aged 18 years and over,45–64,3037.2
Males,Daily consumption of vegetables,Met recommendation,45–64,61.6
Males,Daily consumption of vegetables,Did not meet recommendation,45–64,2972.5
Males,Daily consumption of vegetables,Total males aged 18 years and over,45–64,3037.2
Males,Daily consumption of fruit and vegetables,Met recommendation,45–64,36.6
Males,Daily consumption of fruit and vegetables,Did not meet recommendation,45–64,3000.4
Males,Daily consumption of fruit and vegetables,Total males aged 18 years and over,45–64,3037.2
Males,Usual daily consumption of fruit,Does not eat fruit,45–64,496.6
Males,Usual daily consumption of fruit,Less than 1 serve,45–64,95.8
Males,Usual daily consumption of fruit,1 serve,45–64,1209.4
Males,Usual daily consumption of fruit,2 serves,45–64,756.5
Males,Usual daily consumption of fruit,3 serves,45–64,328.8
Males,Usual daily consumption of fruit,4 serves,45–64,97.4
Males,Usual daily consumption of fruit,5 or more serves,45–64,67.6
Males,Usual daily consumption of fruit,Total males aged 18 years and over,45–64,3037.2
Males,Usual daily consumption of vegetables,Does not eat vegetables,45–64,54.2
Males,Usual daily consumption of vegetables,Less than 1 serve,45–64,81.3
Males,Usual daily consumption of vegetables,1 serve,45–64,997.4
Males,Usual daily consumption of vegetables,2 serves,45–64,962.6
Males,Usual daily consumption of vegetables,3 serves,45–64,534.9
Males,Usual daily consumption of vegetables,4 serves,45–64,237.0
Males,Usual daily consumption of vegetables,5 serves,45–64,102.2
Males,Usual daily consumption of vegetables,6 or more serves,45–64,61.6
Males,Usual daily consumption of vegetables,Total males aged 18 years and over,45–64,3037.2
Males,Usual daily consumption of vegetables,Average number of serves of fruit,45–64,1.5
Males,Usual daily consumption of vegetables,Average number of serves of vegetables,45–64,2.1
Males,Usual daily consumption of vegetables,"Total males, 18 years and over",45–64,3037.2
Females,Daily consumption of fruit,Met recommendation,45–64,1459.7
Females,Daily consumption of fruit,Did not meet recommendation,45–64,1700.6
Females,Daily consumption of fruit,Total females aged 18 years and over,45–64,3166.1
Females,Daily consumption of vegetables,Met recommendation,45–64,341.6
Females,Daily consumption of vegetables,Did not meet recommendation,45–64,2830.1
Females,Daily consumption of vegetables,Total females aged 18 years and over,45–64,3166.1
Females,Daily consumption of fruit and vegetables,Met recommendation,45–64,211.0
Females,Daily consumption of fruit and vegetables,Did not meet recommendation,45–64,2956.1
Females,Daily consumption of fruit and vegetables,Total females aged 18 years and over,45–64,3166.1
Females,Usual daily consumption of fruit,Does not eat fruit,45–64,323.6
Females,Usual daily consumption of fruit,Less than 1 serve,45–64,93.0
Females,Usual daily consumption of fruit,1 serve,45–64,1285.7
Females,Usual daily consumption of fruit,2 serves,45–64,967.3
Females,Usual daily consumption of fruit,3 serves,45–64,403.5
Females,Usual daily consumption of fruit,4 serves,45–64,50.2
Females,Usual daily consumption of fruit,5 or more serves,45–64,43.5
Females,Usual daily consumption of fruit,Total females aged 18 years and over,45–64,3166.1
Females,Usual daily consumption of vegetables,Does not eat vegetables,45–64,35.4
Females,Usual daily consumption of vegetables,Less than 1 serve,45–64,27.4
Females,Usual daily consumption of vegetables,1 serve,45–64,786.6
Females,Usual daily consumption of vegetables,2 serves,45–64,1014.5
Females,Usual daily consumption of vegetables,3 serves,45–64,641.8
Females,Usual daily consumption of vegetables,4 serves,45–64,322.8
Females,Usual daily consumption of vegetables,5 serves,45–64,219.9
Females,Usual daily consumption of vegetables,6 or more serves,45–64,117.8
Females,Usual daily consumption of vegetables,Total females aged 18 years and over,45–64,3166.1
Females,Usual daily consumption of vegetables,Average number of serves of fruit,45–64,1.6
Females,Usual daily consumption of vegetables,Average number of serves of vegetables,45–64,2.5
Females,Usual daily consumption of vegetables,"Total females, 18 years and over",45–64,3166.1
Persons,Daily consumption of fruit,Met recommendation,65–74,1254.5
Persons,Daily consumption of fruit,Did not meet recommendation,65–74,1148.9
Persons,Daily consumption of fruit,Total persons aged 18 years and over,65–74,2404.7
Persons,Daily consumption of vegetables,Met recommendation,65–74,186.8
Persons,Daily consumption of vegetables,Did not meet recommendation,65–74,2213.7
Persons,Daily consumption of vegetables,Total persons aged 18 years and over,65–74,2404.7
Persons,Daily consumption of fruit and vegetables,Met recommendation,65–74,140.4
Persons,Daily consumption of fruit and vegetables,Did not meet recommendation,65–74,2263.2
Persons,Daily consumption of fruit and vegetables,Total persons aged 18 years and over,65–74,2404.7
Persons,Usual daily consumption of fruit,Does not eat fruit,65–74,241.6
Persons,Usual daily consumption of fruit,Less than 1 serve,65–74,69.8
Persons,Usual daily consumption of fruit,1 serve,65–74,845.7
Persons,Usual daily consumption of fruit,2 serves,65–74,762.8
Persons,Usual daily consumption of fruit,3 serves,65–74,350.0
Persons,Usual daily consumption of fruit,4 serves,65–74,88.0
Persons,Usual daily consumption of fruit,5 or more serves,65–74,48.8
Persons,Usual daily consumption of fruit,Total persons aged 18 years and over,65–74,2404.7
Persons,Usual daily consumption of vegetables,Does not eat vegetables,65–74,37.7
Persons,Usual daily consumption of vegetables,Less than 1 serve,65–74,26.8
Persons,Usual daily consumption of vegetables,1 serve,65–74,579.1
Persons,Usual daily consumption of vegetables,2 serves,65–74,623.4
Persons,Usual daily consumption of vegetables,3 serves,65–74,581.2
Persons,Usual daily consumption of vegetables,4 serves,65–74,329.7
Persons,Usual daily consumption of vegetables,5 serves,65–74,140.9
Persons,Usual daily consumption of vegetables,6 or more serves,65–74,85.9
Persons,Usual daily consumption of vegetables,Total persons aged 18 years and over,65–74,2404.7
Persons,Usual daily consumption of vegetables,Average number of serves of fruit,65–74,1.7
Persons,Usual daily consumption of vegetables,Average number of serves of vegetables,65–74,2.6
Persons,Usual daily consumption of vegetables,"Total persons, 18 years and over",65–74,2404.7
Males,Daily consumption of fruit,Met recommendation,65–74,568.6
Males,Daily consumption of fruit,Did not meet recommendation,65–74,582.9
Males,Daily consumption of fruit,Total males aged 18 years and over,65–74,1149.1
Males,Daily consumption of vegetables,Met recommendation,65–74,58.4
Males,Daily consumption of vegetables,Did not meet recommendation,65–74,1094.5
Males,Daily consumption of vegetables,Total males aged 18 years and over,65–74,1149.1
Males,Daily consumption of fruit and vegetables,Met recommendation,65–74,45.3
Males,Daily consumption of fruit and vegetables,Did not meet recommendation,65–74,1103.5
Males,Daily consumption of fruit and vegetables,Total males aged 18 years and over,65–74,1149.1
Males,Usual daily consumption of fruit,Does not eat fruit,65–74,149.0
Males,Usual daily consumption of fruit,Less than 1 serve,65–74,56.0
Males,Usual daily consumption of fruit,1 serve,65–74,386.5
Males,Usual daily consumption of fruit,2 serves,65–74,330.0
Males,Usual daily consumption of fruit,3 serves,65–74,135.7
Males,Usual daily consumption of fruit,4 serves,65–74,62.2
Males,Usual daily consumption of fruit,5 or more serves,65–74,42.4
Males,Usual daily consumption of fruit,Total males aged 18 years and over,65–74,1149.1
Males,Usual daily consumption of vegetables,Does not eat vegetables,65–74,21.6
Males,Usual daily consumption of vegetables,Less than 1 serve,65–74,19.9
Males,Usual daily consumption of vegetables,1 serve,65–74,329.3
Males,Usual daily consumption of vegetables,2 serves,65–74,293.4
Males,Usual daily consumption of vegetables,3 serves,65–74,252.0
Males,Usual daily consumption of vegetables,4 serves,65–74,141.0
Males,Usual daily consumption of vegetables,5 serves,65–74,50.7
Males,Usual daily consumption of vegetables,6 or more serves,65–74,47.9
Males,Usual daily consumption of vegetables,Total males aged 18 years and over,65–74,1149.1
Males,Usual daily consumption of vegetables,Average number of serves of fruit,65–74,1.7
Males,Usual daily consumption of vegetables,Average number of serves of vegetables,65–74,2.4
Males,Usual daily consumption of vegetables,"Total males, 18 years and over",65–74,1149.1
Females,Daily consumption of fruit,Met recommendation,65–74,682.8
Females,Daily consumption of fruit,Did not meet recommendation,65–74,568.2
Females,Daily consumption of fruit,Total females aged 18 years and over,65–74,1254.2
Females,Daily consumption of vegetables,Met recommendation,65–74,132.2
Females,Daily consumption of vegetables,Did not meet recommendation,65–74,1125.0
Females,Daily consumption of vegetables,Total females aged 18 years and over,65–74,1254.2
Females,Daily consumption of fruit and vegetables,Met recommendation,65–74,89.6
Females,Daily consumption of fruit and vegetables,Did not meet recommendation,65–74,1160.9
Females,Daily consumption of fruit and vegetables,Total females aged 18 years and over,65–74,1254.2
Females,Usual daily consumption of fruit,Does not eat fruit,65–74,88.2
Females,Usual daily consumption of fruit,Less than 1 serve,65–74,19.1
Females,Usual daily consumption of fruit,1 serve,65–74,459.1
Females,Usual daily consumption of fruit,2 serves,65–74,438.4
Females,Usual daily consumption of fruit,3 serves,65–74,217.6
Females,Usual daily consumption of fruit,4 serves,65–74,28.4
Females,Usual daily consumption of fruit,5 or more serves,65–74,8.1
Females,Usual daily consumption of fruit,Total females aged 18 years and over,65–74,1254.2
Females,Usual daily consumption of vegetables,Does not eat vegetables,65–74,12.5
Females,Usual daily consumption of vegetables,Less than 1 serve,65–74,8.0
Females,Usual daily consumption of vegetables,1 serve,65–74,249.9
Females,Usual daily consumption of vegetables,2 serves,65–74,331.3
Females,Usual daily consumption of vegetables,3 serves,65–74,323.6
Females,Usual daily consumption of vegetables,4 serves,65–74,190.8
Females,Usual daily consumption of vegetables,5 serves,65–74,89.3
Females,Usual daily consumption of vegetables,6 or more serves,65–74,35.1
Females,Usual daily consumption of vegetables,Total females aged 18 years and over,65–74,1254.2
Females,Usual daily consumption of vegetables,Average number of serves of fruit,65–74,1.7
Females,Usual daily consumption of vegetables,Average number of serves of vegetables,65–74,2.7
Females,Usual daily consumption of vegetables,"Total females, 18 years and over",65–74,1254.2
Persons,Daily consumption of fruit,Met recommendation,75 years and over,1058.3
Persons,Daily consumption of fruit,Did not meet recommendation,75 years and over,729.0
Persons,Daily consumption of fruit,Total persons aged 18 years and over,75 years and over,1792.9
Persons,Daily consumption of vegetables,Met recommendation,75 years and over,210.7
Persons,Daily consumption of vegetables,Did not meet recommendation,75 years and over,1587.8
Persons,Daily consumption of vegetables,Total persons aged 18 years and over,75 years and over,1792.9
Persons,Daily consumption of fruit and vegetables,Met recommendation,75 years and over,145.8
Persons,Daily consumption of fruit and vegetables,Did not meet recommendation,75 years and over,1644.9
Persons,Daily consumption of fruit and vegetables,Total persons aged 18 years and over,75 years and over,1792.9
Persons,Usual daily consumption of fruit,Does not eat fruit,75 years and over,138.3
Persons,Usual daily consumption of fruit,Less than 1 serve,75 years and over,31.5
Persons,Usual daily consumption of fruit,1 serve,75 years and over,560.4
Persons,Usual daily consumption of fruit,2 serves,75 years and over,616.0
Persons,Usual daily consumption of fruit,3 serves,75 years and over,322.3
Persons,Usual daily consumption of fruit,4 serves,75 years and over,70.2
Persons,Usual daily consumption of fruit,5 or more serves,75 years and over,56.2
Persons,Usual daily consumption of fruit,Total persons aged 18 years and over,75 years and over,1792.9
Persons,Usual daily consumption of vegetables,Does not eat vegetables,75 years and over,22.3
Persons,Usual daily consumption of vegetables,Less than 1 serve,75 years and over,23.1
Persons,Usual daily consumption of vegetables,1 serve,75 years and over,383.1
Persons,Usual daily consumption of vegetables,2 serves,75 years and over,494.7
Persons,Usual daily consumption of vegetables,3 serves,75 years and over,418.8
Persons,Usual daily consumption of vegetables,4 serves,75 years and over,239.7
Persons,Usual daily consumption of vegetables,5 serves,75 years and over,160.3
Persons,Usual daily consumption of vegetables,6 or more serves,75 years and over,48.2
Persons,Usual daily consumption of vegetables,Total persons aged 18 years and over,75 years and over,1792.9
Persons,Usual daily consumption of vegetables,Average number of serves of fruit,75 years and over,1.9
Persons,Usual daily consumption of vegetables,Average number of serves of vegetables,75 years and over,2.6
Persons,Usual daily consumption of vegetables,"Total persons, 18 years and over",75 years and over,1792.9
Males,Daily consumption of fruit,Met recommendation,75 years and over,458.1
Males,Daily consumption of fruit,Did not meet recommendation,75 years and over,371.4
Males,Daily consumption of fruit,Total males aged 18 years and over,75 years and over,835.7
Males,Daily consumption of vegetables,Met recommendation,75 years and over,74.8
Males,Daily consumption of vegetables,Did not meet recommendation,75 years and over,756.3
Males,Daily consumption of vegetables,Total males aged 18 years and over,75 years and over,835.7
Males,Daily consumption of fruit and vegetables,Met recommendation,75 years and over,48.6
Males,Daily consumption of fruit and vegetables,Did not meet recommendation,75 years and over,784.1
Males,Daily consumption of fruit and vegetables,Total males aged 18 years and over,75 years and over,835.7
Males,Usual daily consumption of fruit,Does not eat fruit,75 years and over,72.9
Males,Usual daily consumption of fruit,Less than 1 serve,75 years and over,16.0
Males,Usual daily consumption of fruit,1 serve,75 years and over,284.2
Males,Usual daily consumption of fruit,2 serves,75 years and over,269.0
Males,Usual daily consumption of fruit,3 serves,75 years and over,127.1
Males,Usual daily consumption of fruit,4 serves,75 years and over,31.6
Males,Usual daily consumption of fruit,5 or more serves,75 years and over,29.6
Males,Usual daily consumption of fruit,Total males aged 18 years and over,75 years and over,835.7
Males,Usual daily consumption of vegetables,Does not eat vegetables,75 years and over,8.7
Males,Usual daily consumption of vegetables,Less than 1 serve,75 years and over,14.3
Males,Usual daily consumption of vegetables,1 serve,75 years and over,205.5
Males,Usual daily consumption of vegetables,2 serves,75 years and over,231.1
Males,Usual daily consumption of vegetables,3 serves,75 years and over,172.0
Males,Usual daily consumption of vegetables,4 serves,75 years and over,123.1
Males,Usual daily consumption of vegetables,5 serves,75 years and over,53.0
Males,Usual daily consumption of vegetables,6 or more serves,75 years and over,21.8
Males,Usual daily consumption of vegetables,Total males aged 18 years and over,75 years and over,835.7
Males,Usual daily consumption of vegetables,Average number of serves of fruit,75 years and over,1.8
Males,Usual daily consumption of vegetables,Average number of serves of vegetables,75 years and over,2.5
Males,Usual daily consumption of vegetables,"Total males, 18 years and over",75 years and over,835.7
Females,Daily consumption of fruit,Met recommendation,75 years and over,597.7
Females,Daily consumption of fruit,Did not meet recommendation,75 years and over,360.8
Females,Daily consumption of fruit,Total females aged 18 years and over,75 years and over,957.4
Females,Daily consumption of vegetables,Met recommendation,75 years and over,131.5
Females,Daily consumption of vegetables,Did not meet recommendation,75 years and over,825.9
Females,Daily consumption of vegetables,Total females aged 18 years and over,75 years and over,957.4
Females,Daily consumption of fruit and vegetables,Met recommendation,75 years and over,96.4
Females,Daily consumption of fruit and vegetables,Did not meet recommendation,75 years and over,864.2
Females,Daily consumption of fruit and vegetables,Total females aged 18 years and over,75 years and over,957.4
Females,Usual daily consumption of fruit,Does not eat fruit,75 years and over,71.6
Females,Usual daily consumption of fruit,Less than 1 serve,75 years and over,16.6
Females,Usual daily consumption of fruit,1 serve,75 years and over,278.2
Females,Usual daily consumption of fruit,2 serves,75 years and over,340.3
Females,Usual daily consumption of fruit,3 serves,75 years and over,198.7
Females,Usual daily consumption of fruit,4 serves,75 years and over,38.8
Females,Usual daily consumption of fruit,5 or more serves,75 years and over,26.8
Females,Usual daily consumption of fruit,Total females aged 18 years and over,75 years and over,957.4
Females,Usual daily consumption of vegetables,Does not eat vegetables,75 years and over,10.9
Females,Usual daily consumption of vegetables,Less than 1 serve,75 years and over,2.3
Females,Usual daily consumption of vegetables,1 serve,75 years and over,182.9
Females,Usual daily consumption of vegetables,2 serves,75 years and over,263.1
Females,Usual daily consumption of vegetables,3 serves,75 years and over,247.9
Females,Usual daily consumption of vegetables,4 serves,75 years and over,120.9
Females,Usual daily consumption of vegetables,5 serves,75 years and over,101.8
Females,Usual daily consumption of vegetables,6 or more serves,75 years and over,29.3
Females,Usual daily consumption of vegetables,Total females aged 18 years and over,75 years and over,957.4
Females,Usual daily consumption of vegetables,Average number of serves of fruit,75 years and over,2.0
Females,Usual daily consumption of vegetables,Average number of serves of vegetables,75 years and over,2.8
Females,Usual daily consumption of vegetables,"Total females, 18 years and over",75 years and over,957.4
Persons,Daily consumption of fruit,Met recommendation,18–44,3737.3
Persons,Daily consumption of fruit,Did not meet recommendation,18–44,5679.1
Persons,Daily consumption of fruit,Total persons aged 18 years and over,18–44,9414.7
Persons,Daily consumption of vegetables,Met recommendation,18–44,487.1
Persons,Daily consumption of vegetables,Did not meet recommendation,18–44,8923.3
Persons,Daily consumption of vegetables,Total persons aged 18 years and over,18–44,9414.7
Persons,Daily consumption of fruit and vegetables,Met recommendation,18–44,305.7
Persons,Daily consumption of fruit and vegetables,Did not meet recommendation,18–44,9096.4
Persons,Daily consumption of fruit and vegetables,Total persons aged 18 years and over,18–44,9414.7
Persons,Usual daily consumption of fruit,Does not eat fruit,18–44,1190.4
Persons,Usual daily consumption of fruit,Less than 1 serve,18–44,276.8
Persons,Usual daily consumption of fruit,1 serve,18–44,4211.0
Persons,Usual daily consumption of fruit,2 serves,18–44,2530.1
Persons,Usual daily consumption of fruit,3 serves,18–44,886.0
Persons,Usual daily consumption of fruit,4 serves,18–44,220.0
Persons,Usual daily consumption of fruit,5 or more serves,18–44,110.1
Persons,Usual daily consumption of fruit,Total persons aged 18 years and over,18–44,9414.7
Persons,Usual daily consumption of vegetables,Does not eat vegetables,18–44,208.4
Persons,Usual daily consumption of vegetables,Less than 1 serve,18–44,177.9
Persons,Usual daily consumption of vegetables,1 serve,18–44,2822.0
Persons,Usual daily consumption of vegetables,2 serves,18–44,2881.9
Persons,Usual daily consumption of vegetables,3 serves,18–44,1718.4
Persons,Usual daily consumption of vegetables,4 serves,18–44,928.2
Persons,Usual daily consumption of vegetables,5 serves,18–44,441.0
Persons,Usual daily consumption of vegetables,6 or more serves,18–44,218.9
Persons,Usual daily consumption of vegetables,Total persons aged 18 years and over,18–44,9414.7
Persons,Usual daily consumption of vegetables,Average number of serves of fruit,18–44,1.5
Persons,Usual daily consumption of vegetables,Average number of serves of vegetables,18–44,2.3
Persons,Usual daily consumption of vegetables,"Total persons, 18 years and over",18–44,9414.7
Males,Daily consumption of fruit,Met recommendation,18–44,1778.9
Males,Daily consumption of fruit,Did not meet recommendation,18–44,2917.8
Males,Daily consumption of fruit,Total males aged 18 years and over,18–44,4691.3
Males,Daily consumption of vegetables,Met recommendation,18–44,100.6
Males,Daily consumption of vegetables,Did not meet recommendation,18–44,4600.0
Males,Daily consumption of vegetables,Total males aged 18 years and over,18–44,4691.3
Males,Daily consumption of fruit and vegetables,Met recommendation,18–44,70.4
Males,Daily consumption of fruit and vegetables,Did not meet recommendation,18–44,4619.2
Males,Daily consumption of fruit and vegetables,Total males aged 18 years and over,18–44,4691.3
Males,Usual daily consumption of fruit,Does not eat fruit,18–44,698.7
Males,Usual daily consumption of fruit,Less than 1 serve,18–44,178.6
Males,Usual daily consumption of fruit,1 serve,18–44,2045.2
Males,Usual daily consumption of fruit,2 serves,18–44,1219.6
Males,Usual daily consumption of fruit,3 serves,18–44,407.7
Males,Usual daily consumption of fruit,4 serves,18–44,80.1
Males,Usual daily consumption of fruit,5 or more serves,18–44,55.4
Males,Usual daily consumption of fruit,Total males aged 18 years and over,18–44,4691.3
Males,Usual daily consumption of vegetables,Does not eat vegetables,18–44,106.0
Males,Usual daily consumption of vegetables,Less than 1 serve,18–44,105.8
Males,Usual daily consumption of vegetables,1 serve,18–44,1480.9
Males,Usual daily consumption of vegetables,2 serves,18–44,1475.5
Males,Usual daily consumption of vegetables,3 serves,18–44,816.3
Males,Usual daily consumption of vegetables,4 serves,18–44,436.0
Males,Usual daily consumption of vegetables,5 serves,18–44,177.1
Males,Usual daily consumption of vegetables,6 or more serves,18–44,100.6
Males,Usual daily consumption of vegetables,Total males aged 18 years and over,18–44,4691.3
Males,Usual daily consumption of vegetables,Average number of serves of fruit,18–44,1.4
Males,Usual daily consumption of vegetables,Average number of serves of vegetables,18–44,2.2
Males,Usual daily consumption of vegetables,"Total males, 18 years and over",18–44,4691.3
Females,Daily consumption of fruit,Met recommendation,18–44,1955.5
Females,Daily consumption of fruit,Did not meet recommendation,18–44,2763.9
Females,Daily consumption of fruit,Total females aged 18 years and over,18–44,4712.3
Females,Daily consumption of vegetables,Met recommendation,18–44,388.8
Females,Daily consumption of vegetables,Did not meet recommendation,18–44,4323.2
Females,Daily consumption of vegetables,Total females aged 18 years and over,18–44,4712.3
Females,Daily consumption of fruit and vegetables,Met recommendation,18–44,233.9
Females,Daily consumption of fruit and vegetables,Did not meet recommendation,18–44,4475.4
Females,Daily consumption of fruit and vegetables,Total females aged 18 years and over,18–44,4712.3
Females,Usual daily consumption of fruit,Does not eat fruit,18–44,482.6
Females,Usual daily consumption of fruit,Less than 1 serve,18–44,103.6
Females,Usual daily consumption of fruit,1 serve,18–44,2168.8
Females,Usual daily consumption of fruit,2 serves,18–44,1306.5
Females,Usual daily consumption of fruit,3 serves,18–44,464.5
Females,Usual daily consumption of fruit,4 serves,18–44,139.0
Females,Usual daily consumption of fruit,5 or more serves,18–44,45.2
Females,Usual daily consumption of fruit,Total females aged 18 years and over,18–44,4712.3
Females,Usual daily consumption of vegetables,Does not eat vegetables,18–44,96.0
Females,Usual daily consumption of vegetables,Less than 1 serve,18–44,75.9
Females,Usual daily consumption of vegetables,1 serve,18–44,1339.0
Females,Usual daily consumption of vegetables,2 serves,18–44,1404.3
Females,Usual daily consumption of vegetables,3 serves,18–44,901.8
Females,Usual daily consumption of vegetables,4 serves,18–44,500.2
Females,Usual daily consumption of vegetables,5 serves,18–44,265.5
Females,Usual daily consumption of vegetables,6 or more serves,18–44,117.4
Females,Usual daily consumption of vegetables,Total females aged 18 years and over,18–44,4712.3
Females,Usual daily consumption of vegetables,Average number of serves of fruit,18–44,1.5
Females,Usual daily consumption of vegetables,Average number of serves of vegetables,18–44,2.3
Females,Usual daily consumption of vegetables,"Total females, 18 years and over",18–44,4712.3
Persons,Daily consumption of fruit,Met recommendation,45 years and over,5013.8
Persons,Daily consumption of fruit,Did not meet recommendation,45 years and over,5388.9
Persons,Daily consumption of fruit,Total persons aged 18 years and over,45 years and over,10392.0
Persons,Daily consumption of vegetables,Met recommendation,45 years and over,802.7
Persons,Daily consumption of vegetables,Did not meet recommendation,45 years and over,9593.1
Persons,Daily consumption of vegetables,Total persons aged 18 years and over,45 years and over,10392.0
Persons,Daily consumption of fruit and vegetables,Met recommendation,45 years and over,529.4
Persons,Daily consumption of fruit and vegetables,Did not meet recommendation,45 years and over,9858.9
Persons,Daily consumption of fruit and vegetables,Total persons aged 18 years and over,45 years and over,10392.0
Persons,Usual daily consumption of fruit,Does not eat fruit,45 years and over,1192.9
Persons,Usual daily consumption of fruit,Less than 1 serve,45 years and over,295.2
Persons,Usual daily consumption of fruit,1 serve,45 years and over,3891.1
Persons,Usual daily consumption of fruit,2 serves,45 years and over,3093.0
Persons,Usual daily consumption of fruit,3 serves,45 years and over,1411.4
Persons,Usual daily consumption of fruit,4 serves,45 years and over,296.3
Persons,Usual daily consumption of fruit,5 or more serves,45 years and over,208.6
Persons,Usual daily consumption of fruit,Total persons aged 18 years and over,45 years and over,10392.0
Persons,Usual daily consumption of vegetables,Does not eat vegetables,45 years and over,151.1
Persons,Usual daily consumption of vegetables,Less than 1 serve,45 years and over,152.7
Persons,Usual daily consumption of vegetables,1 serve,45 years and over,2750.2
Persons,Usual daily consumption of vegetables,2 serves,45 years and over,3096.9
Persons,Usual daily consumption of vegetables,3 serves,45 years and over,2170.4
Persons,Usual daily consumption of vegetables,4 serves,45 years and over,1131.8
Persons,Usual daily consumption of vegetables,5 serves,45 years and over,628.9
Persons,Usual daily consumption of vegetables,6 or more serves,45 years and over,310.5
Persons,Usual daily consumption of vegetables,Total persons aged 18 years and over,45 years and over,10392.0
Persons,Usual daily consumption of vegetables,Average number of serves of fruit,45 years and over,1.6
Persons,Usual daily consumption of vegetables,Average number of serves of vegetables,45 years and over,2.4
Persons,Usual daily consumption of vegetables,"Total persons, 18 years and over",45 years and over,10392.0
Males,Daily consumption of fruit,Met recommendation,45 years and over,2262.9
Males,Daily consumption of fruit,Did not meet recommendation,45 years and over,2758.1
Males,Daily consumption of fruit,Total males aged 18 years and over,45 years and over,5019.6
Males,Daily consumption of vegetables,Met recommendation,45 years and over,201.7
Males,Daily consumption of vegetables,Did not meet recommendation,45 years and over,4823.3
Males,Daily consumption of vegetables,Total males aged 18 years and over,45 years and over,5019.6
Males,Daily consumption of fruit and vegetables,Met recommendation,45 years and over,137.2
Males,Daily consumption of fruit and vegetables,Did not meet recommendation,45 years and over,4882.2
Males,Daily consumption of fruit and vegetables,Total males aged 18 years and over,45 years and over,5019.6
Males,Usual daily consumption of fruit,Does not eat fruit,45 years and over,713.9
Males,Usual daily consumption of fruit,Less than 1 serve,45 years and over,171.0
Males,Usual daily consumption of fruit,1 serve,45 years and over,1875.5
Males,Usual daily consumption of fruit,2 serves,45 years and over,1356.4
Males,Usual daily consumption of fruit,3 serves,45 years and over,591.8
Males,Usual daily consumption of fruit,4 serves,45 years and over,180.0
Males,Usual daily consumption of fruit,5 or more serves,45 years and over,127.1
Males,Usual daily consumption of fruit,Total males aged 18 years and over,45 years and over,5019.6
Males,Usual daily consumption of vegetables,Does not eat vegetables,45 years and over,81.2
Males,Usual daily consumption of vegetables,Less than 1 serve,45 years and over,105.4
Males,Usual daily consumption of vegetables,1 serve,45 years and over,1541.2
Males,Usual daily consumption of vegetables,2 serves,45 years and over,1490.7
Males,Usual daily consumption of vegetables,3 serves,45 years and over,958.7
Males,Usual daily consumption of vegetables,4 serves,45 years and over,500.6
Males,Usual daily consumption of vegetables,5 serves,45 years and over,211.8
Males,Usual daily consumption of vegetables,6 or more serves,45 years and over,129.0
Males,Usual daily consumption of vegetables,Total males aged 18 years and over,45 years and over,5019.6
Males,Usual daily consumption of vegetables,Average number of serves of fruit,45 years and over,1.6
Males,Usual daily consumption of vegetables,Average number of serves of vegetables,45 years and over,2.3
Males,Usual daily consumption of vegetables,"Total males, 18 years and over",45 years and over,5019.6
Females,Daily consumption of fruit,Met recommendation,45 years and over,2743.2
Females,Daily consumption of fruit,Did not meet recommendation,45 years and over,2625.7
Females,Daily consumption of fruit,Total females aged 18 years and over,45 years and over,5373.9
Females,Daily consumption of vegetables,Met recommendation,45 years and over,602.1
Females,Daily consumption of vegetables,Did not meet recommendation,45 years and over,4778.0
Females,Daily consumption of vegetables,Total females aged 18 years and over,45 years and over,5373.9
Females,Daily consumption of fruit and vegetables,Met recommendation,45 years and over,393.4
Females,Daily consumption of fruit and vegetables,Did not meet recommendation,45 years and over,4979.4
Females,Daily consumption of fruit and vegetables,Total females aged 18 years and over,45 years and over,5373.9
Females,Usual daily consumption of fruit,Does not eat fruit,45 years and over,481.9
Females,Usual daily consumption of fruit,Less than 1 serve,45 years and over,126.8
Females,Usual daily consumption of fruit,1 serve,45 years and over,2015.7
Females,Usual daily consumption of fruit,2 serves,45 years and over,1738.0
Females,Usual daily consumption of fruit,3 serves,45 years and over,810.0
Females,Usual daily consumption of fruit,4 serves,45 years and over,118.0
Females,Usual daily consumption of fruit,5 or more serves,45 years and over,80.5
Females,Usual daily consumption of fruit,Total females aged 18 years and over,45 years and over,5373.9
Females,Usual daily consumption of vegetables,Does not eat vegetables,45 years and over,65.3
Females,Usual daily consumption of vegetables,Less than 1 serve,45 years and over,37.2
Females,Usual daily consumption of vegetables,1 serve,45 years and over,1218.0
Females,Usual daily consumption of vegetables,2 serves,45 years and over,1603.4
Females,Usual daily consumption of vegetables,3 serves,45 years and over,1209.3
Females,Usual daily consumption of vegetables,4 serves,45 years and over,635.9
Females,Usual daily consumption of vegetables,5 serves,45 years and over,416.0
Females,Usual daily consumption of vegetables,6 or more serves,45 years and over,178.9
Females,Usual daily consumption of vegetables,Total females aged 18 years and over,45 years and over,5373.9
Females,Usual daily consumption of vegetables,Average number of serves of fruit,45 years and over,1.7
Females,Usual daily consumption of vegetables,Average number of serves of vegetables,45 years and over,2.6
Females,Usual daily consumption of vegetables,"Total females, 18 years and over",45 years and over,5373.9
Persons,Daily consumption of fruit,Met recommendation,Total 18 years and over,8740.6
Persons,Daily consumption of fruit,Did not meet recommendation,Total 18 years and over,11060.2
Persons,Daily consumption of fruit,Total persons aged 18 years and over,Total 18 years and over,19806.8
Persons,Daily consumption of vegetables,Met recommendation,Total 18 years and over,1283.1
Persons,Daily consumption of vegetables,Did not meet recommendation,Total 18 years and over,18511.8
Persons,Daily consumption of vegetables,Total persons aged 18 years and over,Total 18 years and over,19806.8
Persons,Daily consumption of fruit and vegetables,Met recommendation,Total 18 years and over,835.2
Persons,Daily consumption of fruit and vegetables,Did not meet recommendation,Total 18 years and over,18963.0
Persons,Daily consumption of fruit and vegetables,Total persons aged 18 years and over,Total 18 years and over,19806.8
Persons,Usual daily consumption of fruit,Does not eat fruit,Total 18 years and over,2377.5
Persons,Usual daily consumption of fruit,Less than 1 serve,Total 18 years and over,577.3
Persons,Usual daily consumption of fruit,1 serve,Total 18 years and over,8101.7
Persons,Usual daily consumption of fruit,2 serves,Total 18 years and over,5627.8
Persons,Usual daily consumption of fruit,3 serves,Total 18 years and over,2289.6
Persons,Usual daily consumption of fruit,4 serves,Total 18 years and over,510.4
Persons,Usual daily consumption of fruit,5 or more serves,Total 18 years and over,311.4
Persons,Usual daily consumption of fruit,Total persons aged 18 years and over,Total 18 years and over,19806.8
Persons,Usual daily consumption of vegetables,Does not eat vegetables,Total 18 years and over,358.7
Persons,Usual daily consumption of vegetables,Less than 1 serve,Total 18 years and over,332.5
Persons,Usual daily consumption of vegetables,1 serve,Total 18 years and over,5580.6
Persons,Usual daily consumption of vegetables,2 serves,Total 18 years and over,5969.4
Persons,Usual daily consumption of vegetables,3 serves,Total 18 years and over,3884.8
Persons,Usual daily consumption of vegetables,4 serves,Total 18 years and over,2064.4
Persons,Usual daily consumption of vegetables,5 serves,Total 18 years and over,1075.7
Persons,Usual daily consumption of vegetables,6 or more serves,Total 18 years and over,529.9
Persons,Usual daily consumption of vegetables,Total persons aged 18 years and over,Total 18 years and over,19806.8
Persons,Usual daily consumption of vegetables,Average number of serves of fruit,Total 18 years and over,1.5
Persons,Usual daily consumption of vegetables,Average number of serves of vegetables,Total 18 years and over,2.4
Persons,Usual daily consumption of vegetables,"Total persons, 18 years and over",Total 18 years and over,19806.8
Males,Daily consumption of fruit,Met recommendation,Total 18 years and over,4038.7
Males,Daily consumption of fruit,Did not meet recommendation,Total 18 years and over,5668.0
Males,Daily consumption of fruit,Total males aged 18 years and over,Total 18 years and over,9712.9
Males,Daily consumption of vegetables,Met recommendation,Total 18 years and over,293.2
Males,Daily consumption of vegetables,Did not meet recommendation,Total 18 years and over,9414.1
Males,Daily consumption of vegetables,Total males aged 18 years and over,Total 18 years and over,9712.9
Males,Daily consumption of fruit and vegetables,Met recommendation,Total 18 years and over,206.4
Males,Daily consumption of fruit and vegetables,Did not meet recommendation,Total 18 years and over,9509.7
Males,Daily consumption of fruit and vegetables,Total males aged 18 years and over,Total 18 years and over,9712.9
Males,Usual daily consumption of fruit,Does not eat fruit,Total 18 years and over,1415.9
Males,Usual daily consumption of fruit,Less than 1 serve,Total 18 years and over,344.4
Males,Usual daily consumption of fruit,1 serve,Total 18 years and over,3921.8
Males,Usual daily consumption of fruit,2 serves,Total 18 years and over,2583.1
Males,Usual daily consumption of fruit,3 serves,Total 18 years and over,1004.6
Males,Usual daily consumption of fruit,4 serves,Total 18 years and over,269.1
Males,Usual daily consumption of fruit,5 or more serves,Total 18 years and over,188.0
Males,Usual daily consumption of fruit,Total males aged 18 years and over,Total 18 years and over,9712.9
Males,Usual daily consumption of vegetables,Does not eat vegetables,Total 18 years and over,199.5
Males,Usual daily consumption of vegetables,Less than 1 serve,Total 18 years and over,217.3
Males,Usual daily consumption of vegetables,1 serve,Total 18 years and over,3024.3
Males,Usual daily consumption of vegetables,2 serves,Total 18 years and over,2953.2
Males,Usual daily consumption of vegetables,3 serves,Total 18 years and over,1774.3
Males,Usual daily consumption of vegetables,4 serves,Total 18 years and over,937.9
Males,Usual daily consumption of vegetables,5 serves,Total 18 years and over,388.6
Males,Usual daily consumption of vegetables,6 or more serves,Total 18 years and over,225.5
Males,Usual daily consumption of vegetables,Total males aged 18 years and over,Total 18 years and over,9712.9
Males,Usual daily consumption of vegetables,Average number of serves of fruit,Total 18 years and over,1.5
Males,Usual daily consumption of vegetables,Average number of serves of vegetables,Total 18 years and over,2.2
Males,Usual daily consumption of vegetables,"Total males, 18 years and over",Total 18 years and over,9712.9
Females,Daily consumption of fruit,Met recommendation,Total 18 years and over,4704.9
Females,Daily consumption of fruit,Did not meet recommendation,Total 18 years and over,5382.6
Females,Daily consumption of fruit,Total females aged 18 years and over,Total 18 years and over,10083.3
Females,Daily consumption of vegetables,Met recommendation,Total 18 years and over,988.4
Females,Daily consumption of vegetables,Did not meet recommendation,Total 18 years and over,9094.7
Females,Daily consumption of vegetables,Total females aged 18 years and over,Total 18 years and over,10083.3
Females,Daily consumption of fruit and vegetables,Met recommendation,Total 18 years and over,631.4
Females,Daily consumption of fruit and vegetables,Did not meet recommendation,Total 18 years and over,9453.3
Females,Daily consumption of fruit and vegetables,Total females aged 18 years and over,Total 18 years and over,10083.3
Females,Usual daily consumption of fruit,Does not eat fruit,Total 18 years and over,966.4
Females,Usual daily consumption of fruit,Less than 1 serve,Total 18 years and over,229.1
Females,Usual daily consumption of fruit,1 serve,Total 18 years and over,4186.1
Females,Usual daily consumption of fruit,2 serves,Total 18 years and over,3037.6
Females,Usual daily consumption of fruit,3 serves,Total 18 years and over,1287.0
Females,Usual daily consumption of fruit,4 serves,Total 18 years and over,248.5
Females,Usual daily consumption of fruit,5 or more serves,Total 18 years and over,130.4
Females,Usual daily consumption of fruit,Total females aged 18 years and over,Total 18 years and over,10083.3
Females,Usual daily consumption of vegetables,Does not eat vegetables,Total 18 years and over,162.2
Females,Usual daily consumption of vegetables,Less than 1 serve,Total 18 years and over,115.4
Females,Usual daily consumption of vegetables,1 serve,Total 18 years and over,2553.9
Females,Usual daily consumption of vegetables,2 serves,Total 18 years and over,3017.3
Females,Usual daily consumption of vegetables,3 serves,Total 18 years and over,2112.8
Females,Usual daily consumption of vegetables,4 serves,Total 18 years and over,1130.8
Females,Usual daily consumption of vegetables,5 serves,Total 18 years and over,685.8
Females,Usual daily consumption of vegetables,6 or more serves,Total 18 years and over,300.0
Females,Usual daily consumption of vegetables,Total females aged 18 years and over,Total 18 years and over,10083.3
Females,Usual daily consumption of vegetables,Average number of serves of fruit,Total 18 years and over,1.6
Females,Usual daily consumption of vegetables,Average number of serves of vegetables,Total 18 years and over,2.5
Females,Usual daily consumption of vegetables,"Total females, 18 years and over",Total 18 years and over,10083.3
