Nutrient,Unit,Category,Gender,Nutrient_standard,age_group,recommended_amount,age_start,age_end,nutrient_code,nutrient_name,unit,category,nutrient_id
Energy(a),(kJ),Energy(a),Males,energy_with_fibre_kj,2-3,6044.1,2,3,energy_with_fibre_kj,Energy(a),(kJ),Energy(a),1
Protein,(g),Macronutrients,Males,protein_g,2-3,57.5,2,3,protein_g,Protein,(g),Macronutrients,2
Total Fat(c),(g),Macronutrients,Males,fat_total_g,2-3,49.8,2,3,fat_total_g,Total Fat(c),(g),Macronutrients,3
Carbohydrate(c),(g),Macronutrients,Males,available_carbohydrate_without_sugar_alcohols_g,2-3,184.3,2,3,available_carbohydrate_without_sugar_alcohols_g,Carbohydrate(c),(g),Macronutrients,4
Total sugars,(g),Macronutrients,Males,total_sugars_g,2-3,94.3,2,3,total_sugars_g,Total sugars,(g),Macronutrients,5
Dietary Fibre,(g),Macronutrients,Males,total_dietary_fibre_g,2-3,17.0,2,3,total_dietary_fibre_g,Dietary Fibre,(g),Macronutrients,6
Thiamin (B1),(mg),Vitamins,Males,thiamin_b1_mg,2-3,1.3,2,3,thiamin_b1_mg,Thiamin (B1),(mg),Vitamins,7
Riboflavin (B2),(mg),Vitamins,Males,riboflavin_b2_mg,2-3,1.8,2,3,riboflavin_b2_mg,Riboflavin (B2),(mg),Vitamins,8
Niacin (B3),(mg),Vitamins,Males,niacin_b3_mg,2-3,13.8,2,3,niacin_b3_mg,Niacin (B3),(mg),Vitamins,9
Total Folates,(µg),Vitamins,Males,folate_ug,2-3,385.1,2,3,folate_ug,Total Folates,(µg),Vitamins,10
Vitamin B6,(mg),Vitamins,Males,pyridoxine_b6_mg,2-3,0.9,2,3,pyridoxine_b6_mg,Vitamin B6,(mg),Vitamins,11
Vitamin C,(mg),Vitamins,Males,vitamin_c_mg,2-3,78.3,2,3,vitamin_c_mg,Vitamin C,(mg),Vitamins,12
Vitamin E,(mg),Vitamins,Males,vitamin_e_mg,2-3,6.1,2,3,vitamin_e_mg,Vitamin E,(mg),Vitamins,13
Calcium,(mg),Minerals,Males,calcium_mg,2-3,775.0,2,3,calcium_mg,Calcium,(mg),Minerals,14
Iron,(mg),Minerals,Males,iron_mg,2-3,7.9,2,3,iron_mg,Iron,(mg),Minerals,15
Magnesium,(mg),Minerals,Males,magnesium_mg,2-3,216.1,2,3,magnesium_mg,Magnesium,(mg),Minerals,16
Potassium,(mg),Minerals,Males,potassium_mg,2-3,2104.7,2,3,potassium_mg,Potassium,(mg),Minerals,17
Sodium(e),(mg),Minerals,Males,sodium_mg,2-3,1516.6,2,3,sodium_mg,Sodium(e),(mg),Minerals,18
Zinc,(mg),Minerals,Males,zinc_mg,2-3,7.3,2,3,zinc_mg,Zinc,(mg),Minerals,19
Energy(a),(kJ),Energy(a),Females,energy_with_fibre_kj,2-3,5850.2,2,3,energy_with_fibre_kj,Energy(a),(kJ),Energy(a),1
Protein,(g),Macronutrients,Females,protein_g,2-3,56.0,2,3,protein_g,Protein,(g),Macronutrients,2
Total Fat(c),(g),Macronutrients,Females,fat_total_g,2-3,48.8,2,3,fat_total_g,Total Fat(c),(g),Macronutrients,3
Carbohydrate(c),(g),Macronutrients,Females,available_carbohydrate_without_sugar_alcohols_g,2-3,177.2,2,3,available_carbohydrate_without_sugar_alcohols_g,Carbohydrate(c),(g),Macronutrients,4
Total sugars,(g),Macronutrients,Females,total_sugars_g,2-3,88.7,2,3,total_sugars_g,Total sugars,(g),Macronutrients,5
Dietary Fibre,(g),Macronutrients,Females,total_dietary_fibre_g,2-3,15.3,2,3,total_dietary_fibre_g,Dietary Fibre,(g),Macronutrients,6
Thiamin (B1),(mg),Vitamins,Females,thiamin_b1_mg,2-3,1.3,2,3,thiamin_b1_mg,Thiamin (B1),(mg),Vitamins,7
Riboflavin (B2),(mg),Vitamins,Females,riboflavin_b2_mg,2-3,1.7,2,3,riboflavin_b2_mg,Riboflavin (B2),(mg),Vitamins,8
Niacin (B3),(mg),Vitamins,Females,niacin_b3_mg,2-3,13.9,2,3,niacin_b3_mg,Niacin (B3),(mg),Vitamins,9
Total Folates,(µg),Vitamins,Females,folate_ug,2-3,375.1,2,3,folate_ug,Total Folates,(µg),Vitamins,10
Vitamin B6,(mg),Vitamins,Females,pyridoxine_b6_mg,2-3,0.9,2,3,pyridoxine_b6_mg,Vitamin B6,(mg),Vitamins,11
Vitamin C,(mg),Vitamins,Females,vitamin_c_mg,2-3,65.3,2,3,vitamin_c_mg,Vitamin C,(mg),Vitamins,12
Vitamin E,(mg),Vitamins,Females,vitamin_e_mg,2-3,5.9,2,3,vitamin_e_mg,Vitamin E,(mg),Vitamins,13
Calcium,(mg),Minerals,Females,calcium_mg,2-3,768.3,2,3,calcium_mg,Calcium,(mg),Minerals,14
Iron,(mg),Minerals,Females,iron_mg,2-3,7.1,2,3,iron_mg,Iron,(mg),Minerals,15
Magnesium,(mg),Minerals,Females,magnesium_mg,2-3,201.4,2,3,magnesium_mg,Magnesium,(mg),Minerals,16
Potassium,(mg),Minerals,Females,potassium_mg,2-3,1972.9,2,3,potassium_mg,Potassium,(mg),Minerals,17
Sodium(e),(mg),Minerals,Females,sodium_mg,2-3,1448.3,2,3,sodium_mg,Sodium(e),(mg),Minerals,18
Zinc,(mg),Minerals,Females,zinc_mg,2-3,7.0,2,3,zinc_mg,Zinc,(mg),Minerals,19
Energy(a),(kJ),Energy(a),Persons,energy_with_fibre_kj,2-3,5951.2,2,3,energy_with_fibre_kj,Energy(a),(kJ),Energy(a),1
Protein,(g),Macronutrients,Persons,protein_g,2-3,56.8,2,3,protein_g,Protein,(g),Macronutrients,2
Total Fat(c),(g),Macronutrients,Persons,fat_total_g,2-3,49.3,2,3,fat_total_g,Total Fat(c),(g),Macronutrients,3
Carbohydrate(c),(g),Macronutrients,Persons,available_carbohydrate_without_sugar_alcohols_g,2-3,180.9,2,3,available_carbohydrate_without_sugar_alcohols_g,Carbohydrate(c),(g),Macronutrients,4
Total sugars,(g),Macronutrients,Persons,total_sugars_g,2-3,91.6,2,3,total_sugars_g,Total sugars,(g),Macronutrients,5
Dietary Fibre,(g),Macronutrients,Persons,total_dietary_fibre_g,2-3,16.1,2,3,total_dietary_fibre_g,Dietary Fibre,(g),Macronutrients,6
Thiamin (B1),(mg),Vitamins,Persons,thiamin_b1_mg,2-3,1.3,2,3,thiamin_b1_mg,Thiamin (B1),(mg),Vitamins,7
Riboflavin (B2),(mg),Vitamins,Persons,riboflavin_b2_mg,2-3,1.8,2,3,riboflavin_b2_mg,Riboflavin (B2),(mg),Vitamins,8
Niacin (B3),(mg),Vitamins,Persons,niacin_b3_mg,2-3,13.8,2,3,niacin_b3_mg,Niacin (B3),(mg),Vitamins,9
Total Folates,(µg),Vitamins,Persons,folate_ug,2-3,380.3,2,3,folate_ug,Total Folates,(µg),Vitamins,10
Vitamin B6,(mg),Vitamins,Persons,pyridoxine_b6_mg,2-3,0.9,2,3,pyridoxine_b6_mg,Vitamin B6,(mg),Vitamins,11
Vitamin C,(mg),Vitamins,Persons,vitamin_c_mg,2-3,72.1,2,3,vitamin_c_mg,Vitamin C,(mg),Vitamins,12
Vitamin E,(mg),Vitamins,Persons,vitamin_e_mg,2-3,6.0,2,3,vitamin_e_mg,Vitamin E,(mg),Vitamins,13
Calcium,(mg),Minerals,Persons,calcium_mg,2-3,771.8,2,3,calcium_mg,Calcium,(mg),Minerals,14
Iron,(mg),Minerals,Persons,iron_mg,2-3,7.5,2,3,iron_mg,Iron,(mg),Minerals,15
Magnesium,(mg),Minerals,Persons,magnesium_mg,2-3,209.1,2,3,magnesium_mg,Magnesium,(mg),Minerals,16
Potassium,(mg),Minerals,Persons,potassium_mg,2-3,2041.6,2,3,potassium_mg,Potassium,(mg),Minerals,17
Sodium(e),(mg),Minerals,Persons,sodium_mg,2-3,1483.8,2,3,sodium_mg,Sodium(e),(mg),Minerals,18
Zinc,(mg),Minerals,Persons,zinc_mg,2-3,7.2,2,3,zinc_mg,Zinc,(mg),Minerals,19
Energy(a),(kJ),Energy(a),Males,energy_with_fibre_kj,4-8,7637.6,4,8,energy_with_fibre_kj,Energy(a),(kJ),Energy(a),1
Protein,(g),Macronutrients,Males,protein_g,4-8,69.2,4,8,protein_g,Protein,(g),Macronutrients,2
Total Fat(c),(g),Macronutrients,Males,fat_total_g,4-8,64.8,4,8,fat_total_g,Total Fat(c),(g),Macronutrients,3
Carbohydrate(c),(g),Macronutrients,Males,available_carbohydrate_without_sugar_alcohols_g,4-8,233.0,4,8,available_carbohydrate_without_sugar_alcohols_g,Carbohydrate(c),(g),Macronutrients,4
Total sugars,(g),Macronutrients,Males,total_sugars_g,4-8,110.7,4,8,total_sugars_g,Total sugars,(g),Macronutrients,5
Dietary Fibre,(g),Macronutrients,Males,total_dietary_fibre_g,4-8,20.1,4,8,total_dietary_fibre_g,Dietary Fibre,(g),Macronutrients,6
Thiamin (B1),(mg),Vitamins,Males,thiamin_b1_mg,4-8,1.7,4,8,thiamin_b1_mg,Thiamin (B1),(mg),Vitamins,7
Riboflavin (B2),(mg),Vitamins,Males,riboflavin_b2_mg,4-8,1.9,4,8,riboflavin_b2_mg,Riboflavin (B2),(mg),Vitamins,8
Niacin (B3),(mg),Vitamins,Males,niacin_b3_mg,4-8,18.2,4,8,niacin_b3_mg,Niacin (B3),(mg),Vitamins,9
Total Folates,(µg),Vitamins,Males,folate_ug,4-8,486.3,4,8,folate_ug,Total Folates,(µg),Vitamins,10
Vitamin B6,(mg),Vitamins,Males,pyridoxine_b6_mg,4-8,1.1,4,8,pyridoxine_b6_mg,Vitamin B6,(mg),Vitamins,11
Vitamin C,(mg),Vitamins,Males,vitamin_c_mg,4-8,88.7,4,8,vitamin_c_mg,Vitamin C,(mg),Vitamins,12
Vitamin E,(mg),Vitamins,Males,vitamin_e_mg,4-8,8.2,4,8,vitamin_e_mg,Vitamin E,(mg),Vitamins,13
Calcium,(mg),Minerals,Males,calcium_mg,4-8,805.1,4,8,calcium_mg,Calcium,(mg),Minerals,14
Iron,(mg),Minerals,Males,iron_mg,4-8,9.6,4,8,iron_mg,Iron,(mg),Minerals,15
Magnesium,(mg),Minerals,Males,magnesium_mg,4-8,245.0,4,8,magnesium_mg,Magnesium,(mg),Minerals,16
Potassium,(mg),Minerals,Males,potassium_mg,4-8,2298.4,4,8,potassium_mg,Potassium,(mg),Minerals,17
Sodium(e),(mg),Minerals,Males,sodium_mg,4-8,2235.9,4,8,sodium_mg,Sodium(e),(mg),Minerals,18
Zinc,(mg),Minerals,Males,zinc_mg,4-8,8.7,4,8,zinc_mg,Zinc,(mg),Minerals,19
Energy(a),(kJ),Energy(a),Females,energy_with_fibre_kj,4-8,6427.6,4,8,energy_with_fibre_kj,Energy(a),(kJ),Energy(a),1
Protein,(g),Macronutrients,Females,protein_g,4-8,57.4,4,8,protein_g,Protein,(g),Macronutrients,2
Total Fat(c),(g),Macronutrients,Females,fat_total_g,4-8,53.3,4,8,fat_total_g,Total Fat(c),(g),Macronutrients,3
Carbohydrate(c),(g),Macronutrients,Females,available_carbohydrate_without_sugar_alcohols_g,4-8,199.4,4,8,available_carbohydrate_without_sugar_alcohols_g,Carbohydrate(c),(g),Macronutrients,4
Total sugars,(g),Macronutrients,Females,total_sugars_g,4-8,94.8,4,8,total_sugars_g,Total sugars,(g),Macronutrients,5
Dietary Fibre,(g),Macronutrients,Females,total_dietary_fibre_g,4-8,17.3,4,8,total_dietary_fibre_g,Dietary Fibre,(g),Macronutrients,6
Thiamin (B1),(mg),Vitamins,Females,thiamin_b1_mg,4-8,1.5,4,8,thiamin_b1_mg,Thiamin (B1),(mg),Vitamins,7
Riboflavin (B2),(mg),Vitamins,Females,riboflavin_b2_mg,4-8,1.6,4,8,riboflavin_b2_mg,Riboflavin (B2),(mg),Vitamins,8
Niacin (B3),(mg),Vitamins,Females,niacin_b3_mg,4-8,15.4,4,8,niacin_b3_mg,Niacin (B3),(mg),Vitamins,9
Total Folates,(µg),Vitamins,Females,folate_ug,4-8,424.5,4,8,folate_ug,Total Folates,(µg),Vitamins,10
Vitamin B6,(mg),Vitamins,Females,pyridoxine_b6_mg,4-8,0.8,4,8,pyridoxine_b6_mg,Vitamin B6,(mg),Vitamins,11
Vitamin C,(mg),Vitamins,Females,vitamin_c_mg,4-8,77.5,4,8,vitamin_c_mg,Vitamin C,(mg),Vitamins,12
Vitamin E,(mg),Vitamins,Females,vitamin_e_mg,4-8,6.6,4,8,vitamin_e_mg,Vitamin E,(mg),Vitamins,13
Calcium,(mg),Minerals,Females,calcium_mg,4-8,675.8,4,8,calcium_mg,Calcium,(mg),Minerals,14
Iron,(mg),Minerals,Females,iron_mg,4-8,8.0,4,8,iron_mg,Iron,(mg),Minerals,15
Magnesium,(mg),Minerals,Females,magnesium_mg,4-8,207.1,4,8,magnesium_mg,Magnesium,(mg),Minerals,16
Potassium,(mg),Minerals,Females,potassium_mg,4-8,1966.4,4,8,potassium_mg,Potassium,(mg),Minerals,17
Sodium(e),(mg),Minerals,Females,sodium_mg,4-8,1867.5,4,8,sodium_mg,Sodium(e),(mg),Minerals,18
Zinc,(mg),Minerals,Females,zinc_mg,4-8,7.1,4,8,zinc_mg,Zinc,(mg),Minerals,19
Energy(a),(kJ),Energy(a),Persons,energy_with_fibre_kj,4-8,7053.4,4,8,energy_with_fibre_kj,Energy(a),(kJ),Energy(a),1
Protein,(g),Macronutrients,Persons,protein_g,4-8,63.5,4,8,protein_g,Protein,(g),Macronutrients,2
Total Fat(c),(g),Macronutrients,Persons,fat_total_g,4-8,59.3,4,8,fat_total_g,Total Fat(c),(g),Macronutrients,3
Carbohydrate(c),(g),Macronutrients,Persons,available_carbohydrate_without_sugar_alcohols_g,4-8,216.8,4,8,available_carbohydrate_without_sugar_alcohols_g,Carbohydrate(c),(g),Macronutrients,4
Total sugars,(g),Macronutrients,Persons,total_sugars_g,4-8,103.0,4,8,total_sugars_g,Total sugars,(g),Macronutrients,5
Dietary Fibre,(g),Macronutrients,Persons,total_dietary_fibre_g,4-8,18.7,4,8,total_dietary_fibre_g,Dietary Fibre,(g),Macronutrients,6
Thiamin (B1),(mg),Vitamins,Persons,thiamin_b1_mg,4-8,1.6,4,8,thiamin_b1_mg,Thiamin (B1),(mg),Vitamins,7
Riboflavin (B2),(mg),Vitamins,Persons,riboflavin_b2_mg,4-8,1.8,4,8,riboflavin_b2_mg,Riboflavin (B2),(mg),Vitamins,8
Niacin (B3),(mg),Vitamins,Persons,niacin_b3_mg,4-8,16.9,4,8,niacin_b3_mg,Niacin (B3),(mg),Vitamins,9
Total Folates,(µg),Vitamins,Persons,folate_ug,4-8,456.5,4,8,folate_ug,Total Folates,(µg),Vitamins,10
Vitamin B6,(mg),Vitamins,Persons,pyridoxine_b6_mg,4-8,1.0,4,8,pyridoxine_b6_mg,Vitamin B6,(mg),Vitamins,11
Vitamin C,(mg),Vitamins,Persons,vitamin_c_mg,4-8,83.3,4,8,vitamin_c_mg,Vitamin C,(mg),Vitamins,12
Vitamin E,(mg),Vitamins,Persons,vitamin_e_mg,4-8,7.4,4,8,vitamin_e_mg,Vitamin E,(mg),Vitamins,13
Calcium,(mg),Minerals,Persons,calcium_mg,4-8,742.6,4,8,calcium_mg,Calcium,(mg),Minerals,14
Iron,(mg),Minerals,Persons,iron_mg,4-8,8.8,4,8,iron_mg,Iron,(mg),Minerals,15
Magnesium,(mg),Minerals,Persons,magnesium_mg,4-8,226.7,4,8,magnesium_mg,Magnesium,(mg),Minerals,16
Potassium,(mg),Minerals,Persons,potassium_mg,4-8,2138.1,4,8,potassium_mg,Potassium,(mg),Minerals,17
Sodium(e),(mg),Minerals,Persons,sodium_mg,4-8,2058.0,4,8,sodium_mg,Sodium(e),(mg),Minerals,18
Zinc,(mg),Minerals,Persons,zinc_mg,4-8,7.9,4,8,zinc_mg,Zinc,(mg),Minerals,19
Energy(a),(kJ),Energy(a),Males,energy_with_fibre_kj,9-13,9209.4,9,13,energy_with_fibre_kj,Energy(a),(kJ),Energy(a),1
Protein,(g),Macronutrients,Males,protein_g,9-13,86.4,9,13,protein_g,Protein,(g),Macronutrients,2
Total Fat(c),(g),Macronutrients,Males,fat_total_g,9-13,80.4,9,13,fat_total_g,Total Fat(c),(g),Macronutrients,3
Carbohydrate(c),(g),Macronutrients,Males,available_carbohydrate_without_sugar_alcohols_g,9-13,273.9,9,13,available_carbohydrate_without_sugar_alcohols_g,Carbohydrate(c),(g),Macronutrients,4
Total sugars,(g),Macronutrients,Males,total_sugars_g,9-13,125.4,9,13,total_sugars_g,Total sugars,(g),Macronutrients,5
Dietary Fibre,(g),Macronutrients,Males,total_dietary_fibre_g,9-13,22.8,9,13,total_dietary_fibre_g,Dietary Fibre,(g),Macronutrients,6
Thiamin (B1),(mg),Vitamins,Males,thiamin_b1_mg,9-13,1.9,9,13,thiamin_b1_mg,Thiamin (B1),(mg),Vitamins,7
Riboflavin (B2),(mg),Vitamins,Males,riboflavin_b2_mg,9-13,2.1,9,13,riboflavin_b2_mg,Riboflavin (B2),(mg),Vitamins,8
Niacin (B3),(mg),Vitamins,Males,niacin_b3_mg,9-13,22.3,9,13,niacin_b3_mg,Niacin (B3),(mg),Vitamins,9
Total Folates,(µg),Vitamins,Males,folate_ug,9-13,538.7,9,13,folate_ug,Total Folates,(µg),Vitamins,10
Vitamin B6,(mg),Vitamins,Males,pyridoxine_b6_mg,9-13,1.3,9,13,pyridoxine_b6_mg,Vitamin B6,(mg),Vitamins,11
Vitamin C,(mg),Vitamins,Males,vitamin_c_mg,9-13,99.6,9,13,vitamin_c_mg,Vitamin C,(mg),Vitamins,12
Vitamin E,(mg),Vitamins,Males,vitamin_e_mg,9-13,9.4,9,13,vitamin_e_mg,Vitamin E,(mg),Vitamins,13
Calcium,(mg),Minerals,Males,calcium_mg,9-13,900.1,9,13,calcium_mg,Calcium,(mg),Minerals,14
Iron,(mg),Minerals,Males,iron_mg,9-13,11.6,9,13,iron_mg,Iron,(mg),Minerals,15
Magnesium,(mg),Minerals,Males,magnesium_mg,9-13,286.8,9,13,magnesium_mg,Magnesium,(mg),Minerals,16
Potassium,(mg),Minerals,Males,potassium_mg,9-13,2690.1,9,13,potassium_mg,Potassium,(mg),Minerals,17
Sodium(e),(mg),Minerals,Males,sodium_mg,9-13,2656.5,9,13,sodium_mg,Sodium(e),(mg),Minerals,18
Zinc,(mg),Minerals,Males,zinc_mg,9-13,10.5,9,13,zinc_mg,Zinc,(mg),Minerals,19
Energy(a),(kJ),Energy(a),Females,energy_with_fibre_kj,9-13,7984.8,9,13,energy_with_fibre_kj,Energy(a),(kJ),Energy(a),1
Protein,(g),Macronutrients,Females,protein_g,9-13,73.7,9,13,protein_g,Protein,(g),Macronutrients,2
Total Fat(c),(g),Macronutrients,Females,fat_total_g,9-13,70.2,9,13,fat_total_g,Total Fat(c),(g),Macronutrients,3
Carbohydrate(c),(g),Macronutrients,Females,available_carbohydrate_without_sugar_alcohols_g,9-13,238.0,9,13,available_carbohydrate_without_sugar_alcohols_g,Carbohydrate(c),(g),Macronutrients,4
Total sugars,(g),Macronutrients,Females,total_sugars_g,9-13,115.3,9,13,total_sugars_g,Total sugars,(g),Macronutrients,5
Dietary Fibre,(g),Macronutrients,Females,total_dietary_fibre_g,9-13,19.2,9,13,total_dietary_fibre_g,Dietary Fibre,(g),Macronutrients,6
Thiamin (B1),(mg),Vitamins,Females,thiamin_b1_mg,9-13,1.5,9,13,thiamin_b1_mg,Thiamin (B1),(mg),Vitamins,7
Riboflavin (B2),(mg),Vitamins,Females,riboflavin_b2_mg,9-13,1.8,9,13,riboflavin_b2_mg,Riboflavin (B2),(mg),Vitamins,8
Niacin (B3),(mg),Vitamins,Females,niacin_b3_mg,9-13,17.7,9,13,niacin_b3_mg,Niacin (B3),(mg),Vitamins,9
Total Folates,(µg),Vitamins,Females,folate_ug,9-13,454.6,9,13,folate_ug,Total Folates,(µg),Vitamins,10
Vitamin B6,(mg),Vitamins,Females,pyridoxine_b6_mg,9-13,1.0,9,13,pyridoxine_b6_mg,Vitamin B6,(mg),Vitamins,11
Vitamin C,(mg),Vitamins,Females,vitamin_c_mg,9-13,94.9,9,13,vitamin_c_mg,Vitamin C,(mg),Vitamins,12
Vitamin E,(mg),Vitamins,Females,vitamin_e_mg,9-13,8.8,9,13,vitamin_e_mg,Vitamin E,(mg),Vitamins,13
Calcium,(mg),Minerals,Females,calcium_mg,9-13,805.7,9,13,calcium_mg,Calcium,(mg),Minerals,14
Iron,(mg),Minerals,Females,iron_mg,9-13,9.1,9,13,iron_mg,Iron,(mg),Minerals,15
Magnesium,(mg),Minerals,Females,magnesium_mg,9-13,248.0,9,13,magnesium_mg,Magnesium,(mg),Minerals,16
Potassium,(mg),Minerals,Females,potassium_mg,9-13,2432.5,9,13,potassium_mg,Potassium,(mg),Minerals,17
Sodium(e),(mg),Minerals,Females,sodium_mg,9-13,2262.8,9,13,sodium_mg,Sodium(e),(mg),Minerals,18
Zinc,(mg),Minerals,Females,zinc_mg,9-13,8.7,9,13,zinc_mg,Zinc,(mg),Minerals,19
Energy(a),(kJ),Energy(a),Persons,energy_with_fibre_kj,9-13,8603.5,9,13,energy_with_fibre_kj,Energy(a),(kJ),Energy(a),1
Protein,(g),Macronutrients,Persons,protein_g,9-13,80.1,9,13,protein_g,Protein,(g),Macronutrients,2
Total Fat(c),(g),Macronutrients,Persons,fat_total_g,9-13,75.4,9,13,fat_total_g,Total Fat(c),(g),Macronutrients,3
Carbohydrate(c),(g),Macronutrients,Persons,available_carbohydrate_without_sugar_alcohols_g,9-13,256.1,9,13,available_carbohydrate_without_sugar_alcohols_g,Carbohydrate(c),(g),Macronutrients,4
Total sugars,(g),Macronutrients,Persons,total_sugars_g,9-13,120.4,9,13,total_sugars_g,Total sugars,(g),Macronutrients,5
Dietary Fibre,(g),Macronutrients,Persons,total_dietary_fibre_g,9-13,21.0,9,13,total_dietary_fibre_g,Dietary Fibre,(g),Macronutrients,6
Thiamin (B1),(mg),Vitamins,Persons,thiamin_b1_mg,9-13,1.7,9,13,thiamin_b1_mg,Thiamin (B1),(mg),Vitamins,7
Riboflavin (B2),(mg),Vitamins,Persons,riboflavin_b2_mg,9-13,1.9,9,13,riboflavin_b2_mg,Riboflavin (B2),(mg),Vitamins,8
Niacin (B3),(mg),Vitamins,Persons,niacin_b3_mg,9-13,20.0,9,13,niacin_b3_mg,Niacin (B3),(mg),Vitamins,9
Total Folates,(µg),Vitamins,Persons,folate_ug,9-13,497.1,9,13,folate_ug,Total Folates,(µg),Vitamins,10
Vitamin B6,(mg),Vitamins,Persons,pyridoxine_b6_mg,9-13,1.2,9,13,pyridoxine_b6_mg,Vitamin B6,(mg),Vitamins,11
Vitamin C,(mg),Vitamins,Persons,vitamin_c_mg,9-13,97.3,9,13,vitamin_c_mg,Vitamin C,(mg),Vitamins,12
Vitamin E,(mg),Vitamins,Persons,vitamin_e_mg,9-13,9.1,9,13,vitamin_e_mg,Vitamin E,(mg),Vitamins,13
Calcium,(mg),Minerals,Persons,calcium_mg,9-13,853.4,9,13,calcium_mg,Calcium,(mg),Minerals,14
Iron,(mg),Minerals,Persons,iron_mg,9-13,10.4,9,13,iron_mg,Iron,(mg),Minerals,15
Magnesium,(mg),Minerals,Persons,magnesium_mg,9-13,267.6,9,13,magnesium_mg,Magnesium,(mg),Minerals,16
Potassium,(mg),Minerals,Persons,potassium_mg,9-13,2562.6,9,13,potassium_mg,Potassium,(mg),Minerals,17
Sodium(e),(mg),Minerals,Persons,sodium_mg,9-13,2461.7,9,13,sodium_mg,Sodium(e),(mg),Minerals,18
Zinc,(mg),Minerals,Persons,zinc_mg,9-13,9.6,9,13,zinc_mg,Zinc,(mg),Minerals,19
Energy(a),(kJ),Energy(a),Males,energy_with_fibre_kj,14-18,10186.0,14,18,energy_with_fibre_kj,Energy(a),(kJ),Energy(a),1
Protein,(g),Macronutrients,Males,protein_g,14-18,101.2,14,18,protein_g,Protein,(g),Macronutrients,2
Total Fat(c),(g),Macronutrients,Males,fat_total_g,14-18,88.1,14,18,fat_total_g,Total Fat(c),(g),Macronutrients,3
Carbohydrate(c),(g),Macronutrients,Males,available_carbohydrate_without_sugar_alcohols_g,14-18,297.1,14,18,available_carbohydrate_without_sugar_alcohols_g,Carbohydrate(c),(g),Macronutrients,4
Total sugars,(g),Macronutrients,Males,total_sugars_g,14-18,134.1,14,18,total_sugars_g,Total sugars,(g),Macronutrients,5
Dietary Fibre,(g),Macronutrients,Males,total_dietary_fibre_g,14-18,22.4,14,18,total_dietary_fibre_g,Dietary Fibre,(g),Macronutrients,6
Thiamin (B1),(mg),Vitamins,Males,thiamin_b1_mg,14-18,1.9,14,18,thiamin_b1_mg,Thiamin (B1),(mg),Vitamins,7
Riboflavin (B2),(mg),Vitamins,Males,riboflavin_b2_mg,14-18,2.1,14,18,riboflavin_b2_mg,Riboflavin (B2),(mg),Vitamins,8
Niacin (B3),(mg),Vitamins,Males,niacin_b3_mg,14-18,24.6,14,18,niacin_b3_mg,Niacin (B3),(mg),Vitamins,9
Total Folates,(µg),Vitamins,Males,folate_ug,14-18,567.2,14,18,folate_ug,Total Folates,(µg),Vitamins,10
Vitamin B6,(mg),Vitamins,Males,pyridoxine_b6_mg,14-18,1.4,14,18,pyridoxine_b6_mg,Vitamin B6,(mg),Vitamins,11
Vitamin C,(mg),Vitamins,Males,vitamin_c_mg,14-18,103.9,14,18,vitamin_c_mg,Vitamin C,(mg),Vitamins,12
Vitamin E,(mg),Vitamins,Males,vitamin_e_mg,14-18,10.4,14,18,vitamin_e_mg,Vitamin E,(mg),Vitamins,13
Calcium,(mg),Minerals,Males,calcium_mg,14-18,924.6,14,18,calcium_mg,Calcium,(mg),Minerals,14
Iron,(mg),Minerals,Males,iron_mg,14-18,12.5,14,18,iron_mg,Iron,(mg),Minerals,15
Magnesium,(mg),Minerals,Males,magnesium_mg,14-18,314.5,14,18,magnesium_mg,Magnesium,(mg),Minerals,16
Potassium,(mg),Minerals,Males,potassium_mg,14-18,2830.0,14,18,potassium_mg,Potassium,(mg),Minerals,17
Sodium(e),(mg),Minerals,Males,sodium_mg,14-18,3116.8,14,18,sodium_mg,Sodium(e),(mg),Minerals,18
Zinc,(mg),Minerals,Males,zinc_mg,14-18,12.8,14,18,zinc_mg,Zinc,(mg),Minerals,19
Energy(a),(kJ),Energy(a),Females,energy_with_fibre_kj,14-18,8114.3,14,18,energy_with_fibre_kj,Energy(a),(kJ),Energy(a),1
Protein,(g),Macronutrients,Females,protein_g,14-18,76.5,14,18,protein_g,Protein,(g),Macronutrients,2
Total Fat(c),(g),Macronutrients,Females,fat_total_g,14-18,73.1,14,18,fat_total_g,Total Fat(c),(g),Macronutrients,3
Carbohydrate(c),(g),Macronutrients,Females,available_carbohydrate_without_sugar_alcohols_g,14-18,235.3,14,18,available_carbohydrate_without_sugar_alcohols_g,Carbohydrate(c),(g),Macronutrients,4
Total sugars,(g),Macronutrients,Females,total_sugars_g,14-18,109.2,14,18,total_sugars_g,Total sugars,(g),Macronutrients,5
Dietary Fibre,(g),Macronutrients,Females,total_dietary_fibre_g,14-18,19.3,14,18,total_dietary_fibre_g,Dietary Fibre,(g),Macronutrients,6
Thiamin (B1),(mg),Vitamins,Females,thiamin_b1_mg,14-18,1.5,14,18,thiamin_b1_mg,Thiamin (B1),(mg),Vitamins,7
Riboflavin (B2),(mg),Vitamins,Females,riboflavin_b2_mg,14-18,1.7,14,18,riboflavin_b2_mg,Riboflavin (B2),(mg),Vitamins,8
Niacin (B3),(mg),Vitamins,Females,niacin_b3_mg,14-18,19.4,14,18,niacin_b3_mg,Niacin (B3),(mg),Vitamins,9
Total Folates,(µg),Vitamins,Females,folate_ug,14-18,431.2,14,18,folate_ug,Total Folates,(µg),Vitamins,10
Vitamin B6,(mg),Vitamins,Females,pyridoxine_b6_mg,14-18,1.2,14,18,pyridoxine_b6_mg,Vitamin B6,(mg),Vitamins,11
Vitamin C,(mg),Vitamins,Females,vitamin_c_mg,14-18,101.9,14,18,vitamin_c_mg,Vitamin C,(mg),Vitamins,12
Vitamin E,(mg),Vitamins,Females,vitamin_e_mg,14-18,8.9,14,18,vitamin_e_mg,Vitamin E,(mg),Vitamins,13
Calcium,(mg),Minerals,Females,calcium_mg,14-18,740.7,14,18,calcium_mg,Calcium,(mg),Minerals,14
Iron,(mg),Minerals,Females,iron_mg,14-18,9.2,14,18,iron_mg,Iron,(mg),Minerals,15
Magnesium,(mg),Minerals,Females,magnesium_mg,14-18,266.1,14,18,magnesium_mg,Magnesium,(mg),Minerals,16
Potassium,(mg),Minerals,Females,potassium_mg,14-18,2465.5,14,18,potassium_mg,Potassium,(mg),Minerals,17
Sodium(e),(mg),Minerals,Females,sodium_mg,14-18,2399.2,14,18,sodium_mg,Sodium(e),(mg),Minerals,18
Zinc,(mg),Minerals,Females,zinc_mg,14-18,8.7,14,18,zinc_mg,Zinc,(mg),Minerals,19
Energy(a),(kJ),Energy(a),Persons,energy_with_fibre_kj,14-18,9158.6,14,18,energy_with_fibre_kj,Energy(a),(kJ),Energy(a),1
Protein,(g),Macronutrients,Persons,protein_g,14-18,89.0,14,18,protein_g,Protein,(g),Macronutrients,2
Total Fat(c),(g),Macronutrients,Persons,fat_total_g,14-18,80.7,14,18,fat_total_g,Total Fat(c),(g),Macronutrients,3
Carbohydrate(c),(g),Macronutrients,Persons,available_carbohydrate_without_sugar_alcohols_g,14-18,266.5,14,18,available_carbohydrate_without_sugar_alcohols_g,Carbohydrate(c),(g),Macronutrients,4
Total sugars,(g),Macronutrients,Persons,total_sugars_g,14-18,121.7,14,18,total_sugars_g,Total sugars,(g),Macronutrients,5
Dietary Fibre,(g),Macronutrients,Persons,total_dietary_fibre_g,14-18,20.8,14,18,total_dietary_fibre_g,Dietary Fibre,(g),Macronutrients,6
Thiamin (B1),(mg),Vitamins,Persons,thiamin_b1_mg,14-18,1.7,14,18,thiamin_b1_mg,Thiamin (B1),(mg),Vitamins,7
Riboflavin (B2),(mg),Vitamins,Persons,riboflavin_b2_mg,14-18,1.9,14,18,riboflavin_b2_mg,Riboflavin (B2),(mg),Vitamins,8
Niacin (B3),(mg),Vitamins,Persons,niacin_b3_mg,14-18,22.0,14,18,niacin_b3_mg,Niacin (B3),(mg),Vitamins,9
Total Folates,(µg),Vitamins,Persons,folate_ug,14-18,499.7,14,18,folate_ug,Total Folates,(µg),Vitamins,10
Vitamin B6,(mg),Vitamins,Persons,pyridoxine_b6_mg,14-18,1.3,14,18,pyridoxine_b6_mg,Vitamin B6,(mg),Vitamins,11
Vitamin C,(mg),Vitamins,Persons,vitamin_c_mg,14-18,102.9,14,18,vitamin_c_mg,Vitamin C,(mg),Vitamins,12
Vitamin E,(mg),Vitamins,Persons,vitamin_e_mg,14-18,9.7,14,18,vitamin_e_mg,Vitamin E,(mg),Vitamins,13
Calcium,(mg),Minerals,Persons,calcium_mg,14-18,833.4,14,18,calcium_mg,Calcium,(mg),Minerals,14
Iron,(mg),Minerals,Persons,iron_mg,14-18,10.8,14,18,iron_mg,Iron,(mg),Minerals,15
Magnesium,(mg),Minerals,Persons,magnesium_mg,14-18,290.5,14,18,magnesium_mg,Magnesium,(mg),Minerals,16
Potassium,(mg),Minerals,Persons,potassium_mg,14-18,2649.3,14,18,potassium_mg,Potassium,(mg),Minerals,17
Sodium(e),(mg),Minerals,Persons,sodium_mg,14-18,2760.9,14,18,sodium_mg,Sodium(e),(mg),Minerals,18
Zinc,(mg),Minerals,Persons,zinc_mg,14-18,10.8,14,18,zinc_mg,Zinc,(mg),Minerals,19
Energy(a),(kJ),Energy(a),Males,energy_with_fibre_kj,19-30,11003.7,19,30,energy_with_fibre_kj,Energy(a),(kJ),Energy(a),1
Protein,(g),Macronutrients,Males,protein_g,19-30,117.2,19,30,protein_g,Protein,(g),Macronutrients,2
Total Fat(c),(g),Macronutrients,Males,fat_total_g,19-30,92.5,19,30,fat_total_g,Total Fat(c),(g),Macronutrients,3
Carbohydrate(c),(g),Macronutrients,Males,available_carbohydrate_without_sugar_alcohols_g,19-30,297.2,19,30,available_carbohydrate_without_sugar_alcohols_g,Carbohydrate(c),(g),Macronutrients,4
Total sugars,(g),Macronutrients,Males,total_sugars_g,19-30,131.0,19,30,total_sugars_g,Total sugars,(g),Macronutrients,5
Dietary Fibre,(g),Macronutrients,Males,total_dietary_fibre_g,19-30,24.4,19,30,total_dietary_fibre_g,Dietary Fibre,(g),Macronutrients,6
Thiamin (B1),(mg),Vitamins,Males,thiamin_b1_mg,19-30,1.9,19,30,thiamin_b1_mg,Thiamin (B1),(mg),Vitamins,7
Riboflavin (B2),(mg),Vitamins,Males,riboflavin_b2_mg,19-30,2.4,19,30,riboflavin_b2_mg,Riboflavin (B2),(mg),Vitamins,8
Niacin (B3),(mg),Vitamins,Males,niacin_b3_mg,19-30,31.6,19,30,niacin_b3_mg,Niacin (B3),(mg),Vitamins,9
Total Folates,(µg),Vitamins,Males,folate_ug,19-30,546.4,19,30,folate_ug,Total Folates,(µg),Vitamins,10
Vitamin B6,(mg),Vitamins,Males,pyridoxine_b6_mg,19-30,2.2,19,30,pyridoxine_b6_mg,Vitamin B6,(mg),Vitamins,11
Vitamin C,(mg),Vitamins,Males,vitamin_c_mg,19-30,116.8,19,30,vitamin_c_mg,Vitamin C,(mg),Vitamins,12
Vitamin E,(mg),Vitamins,Males,vitamin_e_mg,19-30,12.4,19,30,vitamin_e_mg,Vitamin E,(mg),Vitamins,13
Calcium,(mg),Minerals,Males,calcium_mg,19-30,954.3,19,30,calcium_mg,Calcium,(mg),Minerals,14
Iron,(mg),Minerals,Males,iron_mg,19-30,13.5,19,30,iron_mg,Iron,(mg),Minerals,15
Magnesium,(mg),Minerals,Males,magnesium_mg,19-30,390.6,19,30,magnesium_mg,Magnesium,(mg),Minerals,16
Potassium,(mg),Minerals,Males,potassium_mg,19-30,3279.9,19,30,potassium_mg,Potassium,(mg),Minerals,17
Sodium(e),(mg),Minerals,Males,sodium_mg,19-30,3120.2,19,30,sodium_mg,Sodium(e),(mg),Minerals,18
Zinc,(mg),Minerals,Males,zinc_mg,19-30,13.5,19,30,zinc_mg,Zinc,(mg),Minerals,19
Energy(a),(kJ),Energy(a),Females,energy_with_fibre_kj,19-30,7863.1,19,30,energy_with_fibre_kj,Energy(a),(kJ),Energy(a),1
Protein,(g),Macronutrients,Females,protein_g,19-30,78.1,19,30,protein_g,Protein,(g),Macronutrients,2
Total Fat(c),(g),Macronutrients,Females,fat_total_g,19-30,69.9,19,30,fat_total_g,Total Fat(c),(g),Macronutrients,3
Carbohydrate(c),(g),Macronutrients,Females,available_carbohydrate_without_sugar_alcohols_g,19-30,213.7,19,30,available_carbohydrate_without_sugar_alcohols_g,Carbohydrate(c),(g),Macronutrients,4
Total sugars,(g),Macronutrients,Females,total_sugars_g,19-30,99.0,19,30,total_sugars_g,Total sugars,(g),Macronutrients,5
Dietary Fibre,(g),Macronutrients,Females,total_dietary_fibre_g,19-30,20.3,19,30,total_dietary_fibre_g,Dietary Fibre,(g),Macronutrients,6
Thiamin (B1),(mg),Vitamins,Females,thiamin_b1_mg,19-30,1.4,19,30,thiamin_b1_mg,Thiamin (B1),(mg),Vitamins,7
Riboflavin (B2),(mg),Vitamins,Females,riboflavin_b2_mg,19-30,1.8,19,30,riboflavin_b2_mg,Riboflavin (B2),(mg),Vitamins,8
Niacin (B3),(mg),Vitamins,Females,niacin_b3_mg,19-30,20.5,19,30,niacin_b3_mg,Niacin (B3),(mg),Vitamins,9
Total Folates,(µg),Vitamins,Females,folate_ug,19-30,424.5,19,30,folate_ug,Total Folates,(µg),Vitamins,10
Vitamin B6,(mg),Vitamins,Females,pyridoxine_b6_mg,19-30,1.4,19,30,pyridoxine_b6_mg,Vitamin B6,(mg),Vitamins,11
Vitamin C,(mg),Vitamins,Females,vitamin_c_mg,19-30,96.4,19,30,vitamin_c_mg,Vitamin C,(mg),Vitamins,12
Vitamin E,(mg),Vitamins,Females,vitamin_e_mg,19-30,10.0,19,30,vitamin_e_mg,Vitamin E,(mg),Vitamins,13
Calcium,(mg),Minerals,Females,calcium_mg,19-30,765.3,19,30,calcium_mg,Calcium,(mg),Minerals,14
Iron,(mg),Minerals,Females,iron_mg,19-30,9.7,19,30,iron_mg,Iron,(mg),Minerals,15
Magnesium,(mg),Minerals,Females,magnesium_mg,19-30,291.9,19,30,magnesium_mg,Magnesium,(mg),Minerals,16
Potassium,(mg),Minerals,Females,potassium_mg,19-30,2509.7,19,30,potassium_mg,Potassium,(mg),Minerals,17
Sodium(e),(mg),Minerals,Females,sodium_mg,19-30,2303.4,19,30,sodium_mg,Sodium(e),(mg),Minerals,18
Zinc,(mg),Minerals,Females,zinc_mg,19-30,9.2,19,30,zinc_mg,Zinc,(mg),Minerals,19
Energy(a),(kJ),Energy(a),Persons,energy_with_fibre_kj,19-30,9465.5,19,30,energy_with_fibre_kj,Energy(a),(kJ),Energy(a),1
Protein,(g),Macronutrients,Persons,protein_g,19-30,98.0,19,30,protein_g,Protein,(g),Macronutrients,2
Total Fat(c),(g),Macronutrients,Persons,fat_total_g,19-30,81.4,19,30,fat_total_g,Total Fat(c),(g),Macronutrients,3
Carbohydrate(c),(g),Macronutrients,Persons,available_carbohydrate_without_sugar_alcohols_g,19-30,256.3,19,30,available_carbohydrate_without_sugar_alcohols_g,Carbohydrate(c),(g),Macronutrients,4
Total sugars,(g),Macronutrients,Persons,total_sugars_g,19-30,115.3,19,30,total_sugars_g,Total sugars,(g),Macronutrients,5
Dietary Fibre,(g),Macronutrients,Persons,total_dietary_fibre_g,19-30,22.4,19,30,total_dietary_fibre_g,Dietary Fibre,(g),Macronutrients,6
Thiamin (B1),(mg),Vitamins,Persons,thiamin_b1_mg,19-30,1.7,19,30,thiamin_b1_mg,Thiamin (B1),(mg),Vitamins,7
Riboflavin (B2),(mg),Vitamins,Persons,riboflavin_b2_mg,19-30,2.1,19,30,riboflavin_b2_mg,Riboflavin (B2),(mg),Vitamins,8
Niacin (B3),(mg),Vitamins,Persons,niacin_b3_mg,19-30,26.2,19,30,niacin_b3_mg,Niacin (B3),(mg),Vitamins,9
Total Folates,(µg),Vitamins,Persons,folate_ug,19-30,486.7,19,30,folate_ug,Total Folates,(µg),Vitamins,10
Vitamin B6,(mg),Vitamins,Persons,pyridoxine_b6_mg,19-30,1.8,19,30,pyridoxine_b6_mg,Vitamin B6,(mg),Vitamins,11
Vitamin C,(mg),Vitamins,Persons,vitamin_c_mg,19-30,106.8,19,30,vitamin_c_mg,Vitamin C,(mg),Vitamins,12
Vitamin E,(mg),Vitamins,Persons,vitamin_e_mg,19-30,11.2,19,30,vitamin_e_mg,Vitamin E,(mg),Vitamins,13
Calcium,(mg),Minerals,Persons,calcium_mg,19-30,861.7,19,30,calcium_mg,Calcium,(mg),Minerals,14
Iron,(mg),Minerals,Persons,iron_mg,19-30,11.6,19,30,iron_mg,Iron,(mg),Minerals,15
Magnesium,(mg),Minerals,Persons,magnesium_mg,19-30,342.2,19,30,magnesium_mg,Magnesium,(mg),Minerals,16
Potassium,(mg),Minerals,Persons,potassium_mg,19-30,2902.7,19,30,potassium_mg,Potassium,(mg),Minerals,17
Sodium(e),(mg),Minerals,Persons,sodium_mg,19-30,2720.2,19,30,sodium_mg,Sodium(e),(mg),Minerals,18
Zinc,(mg),Minerals,Persons,zinc_mg,19-30,11.4,19,30,zinc_mg,Zinc,(mg),Minerals,19
Energy(a),(kJ),Energy(a),Males,energy_with_fibre_kj,31-50,10219.9,31,50,energy_with_fibre_kj,Energy(a),(kJ),Energy(a),1
Protein,(g),Macronutrients,Males,protein_g,31-50,107.7,31,50,protein_g,Protein,(g),Macronutrients,2
Total Fat(c),(g),Macronutrients,Males,fat_total_g,31-50,86.3,31,50,fat_total_g,Total Fat(c),(g),Macronutrients,3
Carbohydrate(c),(g),Macronutrients,Males,available_carbohydrate_without_sugar_alcohols_g,31-50,263.9,31,50,available_carbohydrate_without_sugar_alcohols_g,Carbohydrate(c),(g),Macronutrients,4
Total sugars,(g),Macronutrients,Males,total_sugars_g,31-50,119.4,31,50,total_sugars_g,Total sugars,(g),Macronutrients,5
Dietary Fibre,(g),Macronutrients,Males,total_dietary_fibre_g,31-50,24.9,31,50,total_dietary_fibre_g,Dietary Fibre,(g),Macronutrients,6
Thiamin (B1),(mg),Vitamins,Males,thiamin_b1_mg,31-50,1.7,31,50,thiamin_b1_mg,Thiamin (B1),(mg),Vitamins,7
Riboflavin (B2),(mg),Vitamins,Males,riboflavin_b2_mg,31-50,2.2,31,50,riboflavin_b2_mg,Riboflavin (B2),(mg),Vitamins,8
Niacin (B3),(mg),Vitamins,Males,niacin_b3_mg,31-50,28.9,31,50,niacin_b3_mg,Niacin (B3),(mg),Vitamins,9
Total Folates,(µg),Vitamins,Males,folate_ug,31-50,535.5,31,50,folate_ug,Total Folates,(µg),Vitamins,10
Vitamin B6,(mg),Vitamins,Males,pyridoxine_b6_mg,31-50,1.8,31,50,pyridoxine_b6_mg,Vitamin B6,(mg),Vitamins,11
Vitamin C,(mg),Vitamins,Males,vitamin_c_mg,31-50,110.6,31,50,vitamin_c_mg,Vitamin C,(mg),Vitamins,12
Vitamin E,(mg),Vitamins,Males,vitamin_e_mg,31-50,11.7,31,50,vitamin_e_mg,Vitamin E,(mg),Vitamins,13
Calcium,(mg),Minerals,Males,calcium_mg,31-50,910.8,31,50,calcium_mg,Calcium,(mg),Minerals,14
Iron,(mg),Minerals,Males,iron_mg,31-50,12.7,31,50,iron_mg,Iron,(mg),Minerals,15
Magnesium,(mg),Minerals,Males,magnesium_mg,31-50,392.6,31,50,magnesium_mg,Magnesium,(mg),Minerals,16
Potassium,(mg),Minerals,Males,potassium_mg,31-50,3305.8,31,50,potassium_mg,Potassium,(mg),Minerals,17
Sodium(e),(mg),Minerals,Males,sodium_mg,31-50,2915.4,31,50,sodium_mg,Sodium(e),(mg),Minerals,18
Zinc,(mg),Minerals,Males,zinc_mg,31-50,12.9,31,50,zinc_mg,Zinc,(mg),Minerals,19
Energy(a),(kJ),Energy(a),Females,energy_with_fibre_kj,31-50,7539.6,31,50,energy_with_fibre_kj,Energy(a),(kJ),Energy(a),1
Protein,(g),Macronutrients,Females,protein_g,31-50,79.7,31,50,protein_g,Protein,(g),Macronutrients,2
Total Fat(c),(g),Macronutrients,Females,fat_total_g,31-50,65.3,31,50,fat_total_g,Total Fat(c),(g),Macronutrients,3
Carbohydrate(c),(g),Macronutrients,Females,available_carbohydrate_without_sugar_alcohols_g,31-50,196.5,31,50,available_carbohydrate_without_sugar_alcohols_g,Carbohydrate(c),(g),Macronutrients,4
Total sugars,(g),Macronutrients,Females,total_sugars_g,31-50,91.1,31,50,total_sugars_g,Total sugars,(g),Macronutrients,5
Dietary Fibre,(g),Macronutrients,Females,total_dietary_fibre_g,31-50,20.7,31,50,total_dietary_fibre_g,Dietary Fibre,(g),Macronutrients,6
Thiamin (B1),(mg),Vitamins,Females,thiamin_b1_mg,31-50,1.3,31,50,thiamin_b1_mg,Thiamin (B1),(mg),Vitamins,7
Riboflavin (B2),(mg),Vitamins,Females,riboflavin_b2_mg,31-50,1.7,31,50,riboflavin_b2_mg,Riboflavin (B2),(mg),Vitamins,8
Niacin (B3),(mg),Vitamins,Females,niacin_b3_mg,31-50,20.6,31,50,niacin_b3_mg,Niacin (B3),(mg),Vitamins,9
Total Folates,(µg),Vitamins,Females,folate_ug,31-50,424.2,31,50,folate_ug,Total Folates,(µg),Vitamins,10
Vitamin B6,(mg),Vitamins,Females,pyridoxine_b6_mg,31-50,1.3,31,50,pyridoxine_b6_mg,Vitamin B6,(mg),Vitamins,11
Vitamin C,(mg),Vitamins,Females,vitamin_c_mg,31-50,93.7,31,50,vitamin_c_mg,Vitamin C,(mg),Vitamins,12
Vitamin E,(mg),Vitamins,Females,vitamin_e_mg,31-50,9.9,31,50,vitamin_e_mg,Vitamin E,(mg),Vitamins,13
Calcium,(mg),Minerals,Females,calcium_mg,31-50,758.1,31,50,calcium_mg,Calcium,(mg),Minerals,14
Iron,(mg),Minerals,Females,iron_mg,31-50,9.6,31,50,iron_mg,Iron,(mg),Minerals,15
Magnesium,(mg),Minerals,Females,magnesium_mg,31-50,308.8,31,50,magnesium_mg,Magnesium,(mg),Minerals,16
Potassium,(mg),Minerals,Females,potassium_mg,31-50,2659.6,31,50,potassium_mg,Potassium,(mg),Minerals,17
Sodium(e),(mg),Minerals,Females,sodium_mg,31-50,2153.9,31,50,sodium_mg,Sodium(e),(mg),Minerals,18
Zinc,(mg),Minerals,Females,zinc_mg,31-50,9.4,31,50,zinc_mg,Zinc,(mg),Minerals,19
Energy(a),(kJ),Energy(a),Persons,energy_with_fibre_kj,31-50,8871.9,31,50,energy_with_fibre_kj,Energy(a),(kJ),Energy(a),1
Protein,(g),Macronutrients,Persons,protein_g,31-50,93.6,31,50,protein_g,Protein,(g),Macronutrients,2
Total Fat(c),(g),Macronutrients,Persons,fat_total_g,31-50,75.8,31,50,fat_total_g,Total Fat(c),(g),Macronutrients,3
Carbohydrate(c),(g),Macronutrients,Persons,available_carbohydrate_without_sugar_alcohols_g,31-50,230.0,31,50,available_carbohydrate_without_sugar_alcohols_g,Carbohydrate(c),(g),Macronutrients,4
Total sugars,(g),Macronutrients,Persons,total_sugars_g,31-50,105.2,31,50,total_sugars_g,Total sugars,(g),Macronutrients,5
Dietary Fibre,(g),Macronutrients,Persons,total_dietary_fibre_g,31-50,22.8,31,50,total_dietary_fibre_g,Dietary Fibre,(g),Macronutrients,6
Thiamin (B1),(mg),Vitamins,Persons,thiamin_b1_mg,31-50,1.5,31,50,thiamin_b1_mg,Thiamin (B1),(mg),Vitamins,7
Riboflavin (B2),(mg),Vitamins,Persons,riboflavin_b2_mg,31-50,1.9,31,50,riboflavin_b2_mg,Riboflavin (B2),(mg),Vitamins,8
Niacin (B3),(mg),Vitamins,Persons,niacin_b3_mg,31-50,24.7,31,50,niacin_b3_mg,Niacin (B3),(mg),Vitamins,9
Total Folates,(µg),Vitamins,Persons,folate_ug,31-50,479.5,31,50,folate_ug,Total Folates,(µg),Vitamins,10
Vitamin B6,(mg),Vitamins,Persons,pyridoxine_b6_mg,31-50,1.5,31,50,pyridoxine_b6_mg,Vitamin B6,(mg),Vitamins,11
Vitamin C,(mg),Vitamins,Persons,vitamin_c_mg,31-50,102.1,31,50,vitamin_c_mg,Vitamin C,(mg),Vitamins,12
Vitamin E,(mg),Vitamins,Persons,vitamin_e_mg,31-50,10.8,31,50,vitamin_e_mg,Vitamin E,(mg),Vitamins,13
Calcium,(mg),Minerals,Persons,calcium_mg,31-50,834.0,31,50,calcium_mg,Calcium,(mg),Minerals,14
Iron,(mg),Minerals,Persons,iron_mg,31-50,11.1,31,50,iron_mg,Iron,(mg),Minerals,15
Magnesium,(mg),Minerals,Persons,magnesium_mg,31-50,350.5,31,50,magnesium_mg,Magnesium,(mg),Minerals,16
Potassium,(mg),Minerals,Persons,potassium_mg,31-50,2980.8,31,50,potassium_mg,Potassium,(mg),Minerals,17
Sodium(e),(mg),Minerals,Persons,sodium_mg,31-50,2532.5,31,50,sodium_mg,Sodium(e),(mg),Minerals,18
Zinc,(mg),Minerals,Persons,zinc_mg,31-50,11.1,31,50,zinc_mg,Zinc,(mg),Minerals,19
Energy(a),(kJ),Energy(a),Males,energy_with_fibre_kj,51-70,9344.7,51,70,energy_with_fibre_kj,Energy(a),(kJ),Energy(a),1
Protein,(g),Macronutrients,Males,protein_g,51-70,97.5,51,70,protein_g,Protein,(g),Macronutrients,2
Total Fat(c),(g),Macronutrients,Males,fat_total_g,51-70,78.6,51,70,fat_total_g,Total Fat(c),(g),Macronutrients,3
Carbohydrate(c),(g),Macronutrients,Males,available_carbohydrate_without_sugar_alcohols_g,51-70,233.8,51,70,available_carbohydrate_without_sugar_alcohols_g,Carbohydrate(c),(g),Macronutrients,4
Total sugars,(g),Macronutrients,Males,total_sugars_g,51-70,101.0,51,70,total_sugars_g,Total sugars,(g),Macronutrients,5
Dietary Fibre,(g),Macronutrients,Males,total_dietary_fibre_g,51-70,24.8,51,70,total_dietary_fibre_g,Dietary Fibre,(g),Macronutrients,6
Thiamin (B1),(mg),Vitamins,Males,thiamin_b1_mg,51-70,1.7,51,70,thiamin_b1_mg,Thiamin (B1),(mg),Vitamins,7
Riboflavin (B2),(mg),Vitamins,Males,riboflavin_b2_mg,51-70,1.9,51,70,riboflavin_b2_mg,Riboflavin (B2),(mg),Vitamins,8
Niacin (B3),(mg),Vitamins,Males,niacin_b3_mg,51-70,25.9,51,70,niacin_b3_mg,Niacin (B3),(mg),Vitamins,9
Total Folates,(µg),Vitamins,Males,folate_ug,51-70,520.7,51,70,folate_ug,Total Folates,(µg),Vitamins,10
Vitamin B6,(mg),Vitamins,Males,pyridoxine_b6_mg,51-70,1.5,51,70,pyridoxine_b6_mg,Vitamin B6,(mg),Vitamins,11
Vitamin C,(mg),Vitamins,Males,vitamin_c_mg,51-70,107.1,51,70,vitamin_c_mg,Vitamin C,(mg),Vitamins,12
Vitamin E,(mg),Vitamins,Males,vitamin_e_mg,51-70,10.4,51,70,vitamin_e_mg,Vitamin E,(mg),Vitamins,13
Calcium,(mg),Minerals,Males,calcium_mg,51-70,780.8,51,70,calcium_mg,Calcium,(mg),Minerals,14
Iron,(mg),Minerals,Males,iron_mg,51-70,12.2,51,70,iron_mg,Iron,(mg),Minerals,15
Magnesium,(mg),Minerals,Males,magnesium_mg,51-70,364.4,51,70,magnesium_mg,Magnesium,(mg),Minerals,16
Potassium,(mg),Minerals,Males,potassium_mg,51-70,3144.2,51,70,potassium_mg,Potassium,(mg),Minerals,17
Sodium(e),(mg),Minerals,Males,sodium_mg,51-70,2509.8,51,70,sodium_mg,Sodium(e),(mg),Minerals,18
Zinc,(mg),Minerals,Males,zinc_mg,51-70,12.1,51,70,zinc_mg,Zinc,(mg),Minerals,19
Energy(a),(kJ),Energy(a),Females,energy_with_fibre_kj,51-70,7268.1,51,70,energy_with_fibre_kj,Energy(a),(kJ),Energy(a),1
Protein,(g),Macronutrients,Females,protein_g,51-70,77.9,51,70,protein_g,Protein,(g),Macronutrients,2
Total Fat(c),(g),Macronutrients,Females,fat_total_g,51-70,62.0,51,70,fat_total_g,Total Fat(c),(g),Macronutrients,3
Carbohydrate(c),(g),Macronutrients,Females,available_carbohydrate_without_sugar_alcohols_g,51-70,183.6,51,70,available_carbohydrate_without_sugar_alcohols_g,Carbohydrate(c),(g),Macronutrients,4
Total sugars,(g),Macronutrients,Females,total_sugars_g,51-70,87.0,51,70,total_sugars_g,Total sugars,(g),Macronutrients,5
Dietary Fibre,(g),Macronutrients,Females,total_dietary_fibre_g,51-70,22.2,51,70,total_dietary_fibre_g,Dietary Fibre,(g),Macronutrients,6
Thiamin (B1),(mg),Vitamins,Females,thiamin_b1_mg,51-70,1.3,51,70,thiamin_b1_mg,Thiamin (B1),(mg),Vitamins,7
Riboflavin (B2),(mg),Vitamins,Females,riboflavin_b2_mg,51-70,1.6,51,70,riboflavin_b2_mg,Riboflavin (B2),(mg),Vitamins,8
Niacin (B3),(mg),Vitamins,Females,niacin_b3_mg,51-70,19.7,51,70,niacin_b3_mg,Niacin (B3),(mg),Vitamins,9
Total Folates,(µg),Vitamins,Females,folate_ug,51-70,438.7,51,70,folate_ug,Total Folates,(µg),Vitamins,10
Vitamin B6,(mg),Vitamins,Females,pyridoxine_b6_mg,51-70,1.3,51,70,pyridoxine_b6_mg,Vitamin B6,(mg),Vitamins,11
Vitamin C,(mg),Vitamins,Females,vitamin_c_mg,51-70,97.3,51,70,vitamin_c_mg,Vitamin C,(mg),Vitamins,12
Vitamin E,(mg),Vitamins,Females,vitamin_e_mg,51-70,10.0,51,70,vitamin_e_mg,Vitamin E,(mg),Vitamins,13
Calcium,(mg),Minerals,Females,calcium_mg,51-70,740.7,51,70,calcium_mg,Calcium,(mg),Minerals,14
Iron,(mg),Minerals,Females,iron_mg,51-70,9.9,51,70,iron_mg,Iron,(mg),Minerals,15
Magnesium,(mg),Minerals,Females,magnesium_mg,51-70,313.3,51,70,magnesium_mg,Magnesium,(mg),Minerals,16
Potassium,(mg),Minerals,Females,potassium_mg,51-70,2699.9,51,70,potassium_mg,Potassium,(mg),Minerals,17
Sodium(e),(mg),Minerals,Females,sodium_mg,51-70,1972.1,51,70,sodium_mg,Sodium(e),(mg),Minerals,18
Zinc,(mg),Minerals,Females,zinc_mg,51-70,9.8,51,70,zinc_mg,Zinc,(mg),Minerals,19
Energy(a),(kJ),Energy(a),Persons,energy_with_fibre_kj,51-70,8289.6,51,70,energy_with_fibre_kj,Energy(a),(kJ),Energy(a),1
Protein,(g),Macronutrients,Persons,protein_g,51-70,87.5,51,70,protein_g,Protein,(g),Macronutrients,2
Total Fat(c),(g),Macronutrients,Persons,fat_total_g,51-70,70.2,51,70,fat_total_g,Total Fat(c),(g),Macronutrients,3
Carbohydrate(c),(g),Macronutrients,Persons,available_carbohydrate_without_sugar_alcohols_g,51-70,208.3,51,70,available_carbohydrate_without_sugar_alcohols_g,Carbohydrate(c),(g),Macronutrients,4
Total sugars,(g),Macronutrients,Persons,total_sugars_g,51-70,93.9,51,70,total_sugars_g,Total sugars,(g),Macronutrients,5
Dietary Fibre,(g),Macronutrients,Persons,total_dietary_fibre_g,51-70,23.5,51,70,total_dietary_fibre_g,Dietary Fibre,(g),Macronutrients,6
Thiamin (B1),(mg),Vitamins,Persons,thiamin_b1_mg,51-70,1.5,51,70,thiamin_b1_mg,Thiamin (B1),(mg),Vitamins,7
Riboflavin (B2),(mg),Vitamins,Persons,riboflavin_b2_mg,51-70,1.8,51,70,riboflavin_b2_mg,Riboflavin (B2),(mg),Vitamins,8
Niacin (B3),(mg),Vitamins,Persons,niacin_b3_mg,51-70,22.8,51,70,niacin_b3_mg,Niacin (B3),(mg),Vitamins,9
Total Folates,(µg),Vitamins,Persons,folate_ug,51-70,479.1,51,70,folate_ug,Total Folates,(µg),Vitamins,10
Vitamin B6,(mg),Vitamins,Persons,pyridoxine_b6_mg,51-70,1.4,51,70,pyridoxine_b6_mg,Vitamin B6,(mg),Vitamins,11
Vitamin C,(mg),Vitamins,Persons,vitamin_c_mg,51-70,102.1,51,70,vitamin_c_mg,Vitamin C,(mg),Vitamins,12
Vitamin E,(mg),Vitamins,Persons,vitamin_e_mg,51-70,10.2,51,70,vitamin_e_mg,Vitamin E,(mg),Vitamins,13
Calcium,(mg),Minerals,Persons,calcium_mg,51-70,760.5,51,70,calcium_mg,Calcium,(mg),Minerals,14
Iron,(mg),Minerals,Persons,iron_mg,51-70,11.0,51,70,iron_mg,Iron,(mg),Minerals,15
Magnesium,(mg),Minerals,Persons,magnesium_mg,51-70,338.5,51,70,magnesium_mg,Magnesium,(mg),Minerals,16
Potassium,(mg),Minerals,Persons,potassium_mg,51-70,2918.5,51,70,potassium_mg,Potassium,(mg),Minerals,17
Sodium(e),(mg),Minerals,Persons,sodium_mg,51-70,2236.6,51,70,sodium_mg,Sodium(e),(mg),Minerals,18
Zinc,(mg),Minerals,Persons,zinc_mg,51-70,10.9,51,70,zinc_mg,Zinc,(mg),Minerals,19
Energy(a),(kJ),Energy(a),Males,energy_with_fibre_kj,71_and_over,8174.0,71,144,energy_with_fibre_kj,Energy(a),(kJ),Energy(a),1
Protein,(g),Macronutrients,Males,protein_g,71_and_over,82.6,71,144,protein_g,Protein,(g),Macronutrients,2
Total Fat(c),(g),Macronutrients,Males,fat_total_g,71_and_over,66.9,71,144,fat_total_g,Total Fat(c),(g),Macronutrients,3
Carbohydrate(c),(g),Macronutrients,Males,available_carbohydrate_without_sugar_alcohols_g,71_and_over,219.4,71,144,available_carbohydrate_without_sugar_alcohols_g,Carbohydrate(c),(g),Macronutrients,4
Total sugars,(g),Macronutrients,Males,total_sugars_g,71_and_over,101.8,71,144,total_sugars_g,Total sugars,(g),Macronutrients,5
Dietary Fibre,(g),Macronutrients,Males,total_dietary_fibre_g,71_and_over,25.1,71,144,total_dietary_fibre_g,Dietary Fibre,(g),Macronutrients,6
Thiamin (B1),(mg),Vitamins,Males,thiamin_b1_mg,71_and_over,1.7,71,144,thiamin_b1_mg,Thiamin (B1),(mg),Vitamins,7
Riboflavin (B2),(mg),Vitamins,Males,riboflavin_b2_mg,71_and_over,1.8,71,144,riboflavin_b2_mg,Riboflavin (B2),(mg),Vitamins,8
Niacin (B3),(mg),Vitamins,Males,niacin_b3_mg,71_and_over,21.9,71,144,niacin_b3_mg,Niacin (B3),(mg),Vitamins,9
Total Folates,(µg),Vitamins,Males,folate_ug,71_and_over,526.5,71,144,folate_ug,Total Folates,(µg),Vitamins,10
Vitamin B6,(mg),Vitamins,Males,pyridoxine_b6_mg,71_and_over,1.3,71,144,pyridoxine_b6_mg,Vitamin B6,(mg),Vitamins,11
Vitamin C,(mg),Vitamins,Males,vitamin_c_mg,71_and_over,100.0,71,144,vitamin_c_mg,Vitamin C,(mg),Vitamins,12
Vitamin E,(mg),Vitamins,Males,vitamin_e_mg,71_and_over,9.3,71,144,vitamin_e_mg,Vitamin E,(mg),Vitamins,13
Calcium,(mg),Minerals,Males,calcium_mg,71_and_over,726.4,71,144,calcium_mg,Calcium,(mg),Minerals,14
Iron,(mg),Minerals,Males,iron_mg,71_and_over,11.6,71,144,iron_mg,Iron,(mg),Minerals,15
Magnesium,(mg),Minerals,Males,magnesium_mg,71_and_over,315.7,71,144,magnesium_mg,Magnesium,(mg),Minerals,16
Potassium,(mg),Minerals,Males,potassium_mg,71_and_over,2889.9,71,144,potassium_mg,Potassium,(mg),Minerals,17
Sodium(e),(mg),Minerals,Males,sodium_mg,71_and_over,2216.7,71,144,sodium_mg,Sodium(e),(mg),Minerals,18
Zinc,(mg),Minerals,Males,zinc_mg,71_and_over,10.5,71,144,zinc_mg,Zinc,(mg),Minerals,19
Energy(a),(kJ),Energy(a),Females,energy_with_fibre_kj,71_and_over,6569.9,71,144,energy_with_fibre_kj,Energy(a),(kJ),Energy(a),1
Protein,(g),Macronutrients,Females,protein_g,71_and_over,71.5,71,144,protein_g,Protein,(g),Macronutrients,2
Total Fat(c),(g),Macronutrients,Females,fat_total_g,71_and_over,55.6,71,144,fat_total_g,Total Fat(c),(g),Macronutrients,3
Carbohydrate(c),(g),Macronutrients,Females,available_carbohydrate_without_sugar_alcohols_g,71_and_over,172.3,71,144,available_carbohydrate_without_sugar_alcohols_g,Carbohydrate(c),(g),Macronutrients,4
Total sugars,(g),Macronutrients,Females,total_sugars_g,71_and_over,84.4,71,144,total_sugars_g,Total sugars,(g),Macronutrients,5
Dietary Fibre,(g),Macronutrients,Females,total_dietary_fibre_g,71_and_over,21.0,71,144,total_dietary_fibre_g,Dietary Fibre,(g),Macronutrients,6
Thiamin (B1),(mg),Vitamins,Females,thiamin_b1_mg,71_and_over,1.3,71,144,thiamin_b1_mg,Thiamin (B1),(mg),Vitamins,7
Riboflavin (B2),(mg),Vitamins,Females,riboflavin_b2_mg,71_and_over,1.6,71,144,riboflavin_b2_mg,Riboflavin (B2),(mg),Vitamins,8
Niacin (B3),(mg),Vitamins,Females,niacin_b3_mg,71_and_over,17.9,71,144,niacin_b3_mg,Niacin (B3),(mg),Vitamins,9
Total Folates,(µg),Vitamins,Females,folate_ug,71_and_over,437.0,71,144,folate_ug,Total Folates,(µg),Vitamins,10
Vitamin B6,(mg),Vitamins,Females,pyridoxine_b6_mg,71_and_over,1.1,71,144,pyridoxine_b6_mg,Vitamin B6,(mg),Vitamins,11
Vitamin C,(mg),Vitamins,Females,vitamin_c_mg,71_and_over,88.2,71,144,vitamin_c_mg,Vitamin C,(mg),Vitamins,12
Vitamin E,(mg),Vitamins,Females,vitamin_e_mg,71_and_over,8.3,71,144,vitamin_e_mg,Vitamin E,(mg),Vitamins,13
Calcium,(mg),Minerals,Females,calcium_mg,71_and_over,674.2,71,144,calcium_mg,Calcium,(mg),Minerals,14
Iron,(mg),Minerals,Females,iron_mg,71_and_over,9.2,71,144,iron_mg,Iron,(mg),Minerals,15
Magnesium,(mg),Minerals,Females,magnesium_mg,71_and_over,270.7,71,144,magnesium_mg,Magnesium,(mg),Minerals,16
Potassium,(mg),Minerals,Females,potassium_mg,71_and_over,2508.6,71,144,potassium_mg,Potassium,(mg),Minerals,17
Sodium(e),(mg),Minerals,Females,sodium_mg,71_and_over,1772.5,71,144,sodium_mg,Sodium(e),(mg),Minerals,18
Zinc,(mg),Minerals,Females,zinc_mg,71_and_over,9.0,71,144,zinc_mg,Zinc,(mg),Minerals,19
Energy(a),(kJ),Energy(a),Persons,energy_with_fibre_kj,71_and_over,7295.2,71,144,energy_with_fibre_kj,Energy(a),(kJ),Energy(a),1
Protein,(g),Macronutrients,Persons,protein_g,71_and_over,76.5,71,144,protein_g,Protein,(g),Macronutrients,2
Total Fat(c),(g),Macronutrients,Persons,fat_total_g,71_and_over,60.7,71,144,fat_total_g,Total Fat(c),(g),Macronutrients,3
Carbohydrate(c),(g),Macronutrients,Persons,available_carbohydrate_without_sugar_alcohols_g,71_and_over,193.6,71,144,available_carbohydrate_without_sugar_alcohols_g,Carbohydrate(c),(g),Macronutrients,4
Total sugars,(g),Macronutrients,Persons,total_sugars_g,71_and_over,92.2,71,144,total_sugars_g,Total sugars,(g),Macronutrients,5
Dietary Fibre,(g),Macronutrients,Persons,total_dietary_fibre_g,71_and_over,22.9,71,144,total_dietary_fibre_g,Dietary Fibre,(g),Macronutrients,6
Thiamin (B1),(mg),Vitamins,Persons,thiamin_b1_mg,71_and_over,1.5,71,144,thiamin_b1_mg,Thiamin (B1),(mg),Vitamins,7
Riboflavin (B2),(mg),Vitamins,Persons,riboflavin_b2_mg,71_and_over,1.6,71,144,riboflavin_b2_mg,Riboflavin (B2),(mg),Vitamins,8
Niacin (B3),(mg),Vitamins,Persons,niacin_b3_mg,71_and_over,19.7,71,144,niacin_b3_mg,Niacin (B3),(mg),Vitamins,9
Total Folates,(µg),Vitamins,Persons,folate_ug,71_and_over,477.5,71,144,folate_ug,Total Folates,(µg),Vitamins,10
Vitamin B6,(mg),Vitamins,Persons,pyridoxine_b6_mg,71_and_over,1.2,71,144,pyridoxine_b6_mg,Vitamin B6,(mg),Vitamins,11
Vitamin C,(mg),Vitamins,Persons,vitamin_c_mg,71_and_over,93.6,71,144,vitamin_c_mg,Vitamin C,(mg),Vitamins,12
Vitamin E,(mg),Vitamins,Persons,vitamin_e_mg,71_and_over,8.8,71,144,vitamin_e_mg,Vitamin E,(mg),Vitamins,13
Calcium,(mg),Minerals,Persons,calcium_mg,71_and_over,697.8,71,144,calcium_mg,Calcium,(mg),Minerals,14
Iron,(mg),Minerals,Persons,iron_mg,71_and_over,10.3,71,144,iron_mg,Iron,(mg),Minerals,15
Magnesium,(mg),Minerals,Persons,magnesium_mg,71_and_over,291.0,71,144,magnesium_mg,Magnesium,(mg),Minerals,16
Potassium,(mg),Minerals,Persons,potassium_mg,71_and_over,2681.0,71,144,potassium_mg,Potassium,(mg),Minerals,17
Sodium(e),(mg),Minerals,Persons,sodium_mg,71_and_over,1973.4,71,144,sodium_mg,Sodium(e),(mg),Minerals,18
Zinc,(mg),Minerals,Persons,zinc_mg,71_and_over,9.7,71,144,zinc_mg,Zinc,(mg),Minerals,19
